cell_id,category,elicitation,mechanism,ai,central,rank,reciprocity_rate
easy_0000,easy,ai,central,1,1,1,0.325
easy_0000,easy,ai,central,1,1,2,0.225
easy_0000,easy,ai,central,1,1,3,0.125
easy_0000,easy,ai,central,1,1,4,0.15
easy_0000,easy,ai,central,1,1,5,0.2
easy_0001,easy,ai,central,1,1,1,0.45
easy_0001,easy,ai,central,1,1,2,0.25
easy_0001,easy,ai,central,1,1,3,0.275
easy_0001,easy,ai,central,1,1,4,0.225
easy_0001,easy,ai,central,1,1,5,0.175
easy_0002,easy,standard,search,0,0,1,0.4
easy_0002,easy,standard,search,0,0,2,0.25
easy_0002,easy,standard,search,0,0,3,0.15
easy_0002,easy,standard,search,0,0,4,0.175
easy_0002,easy,standard,search,0,0,5,0.15
easy_0003,easy,ai,search,1,0,1,0.275
easy_0003,easy,ai,search,1,0,2,0.375
easy_0003,easy,ai,search,1,0,3,0.075
easy_0003,easy,ai,search,1,0,4,0.125
easy_0003,easy,ai,search,1,0,5,0.25
easy_0004,easy,ai,search,1,0,1,0.325
easy_0004,easy,ai,search,1,0,2,0.275
easy_0004,easy,ai,search,1,0,3,0.175
easy_0004,easy,ai,search,1,0,4,0.175
easy_0004,easy,ai,search,1,0,5,0.125
easy_0005,easy,standard,central,0,1,1,0.4
easy_0005,easy,standard,central,0,1,2,0.175
easy_0005,easy,standard,central,0,1,3,0.175
easy_0005,easy,standard,central,0,1,4,0.275
easy_0005,easy,standard,central,0,1,5,0.225
easy_0006,easy,ai,central,1,1,1,0.45
easy_0006,easy,ai,central,1,1,2,0.25
easy_0006,easy,ai,central,1,1,3,0.15
easy_0006,easy,ai,central,1,1,4,0.15
easy_0006,easy,ai,central,1,1,5,0.175
easy_0007,easy,ai,search,1,0,1,0.375
easy_0007,easy,ai,search,1,0,2,0.25
easy_0007,easy,ai,search,1,0,3,0.325
easy_0007,easy,ai,search,1,0,4,0.15
easy_0007,easy,ai,search,1,0,5,0.05
easy_0008,easy,standard,search,0,0,1,0.325
easy_0008,easy,standard,search,0,0,2,0.225
easy_0008,easy,standard,search,0,0,3,0.1
easy_0008,easy,standard,search,0,0,4,0.1
easy_0008,easy,standard,search,0,0,5,0.1
easy_0009,easy,ai,search,1,0,1,0.375
easy_0009,easy,ai,search,1,0,2,0.325
easy_0009,easy,ai,search,1,0,3,0.175
easy_0009,easy,ai,search,1,0,4,0.1
easy_0009,easy,ai,search,1,0,5,0.2
easy_0010,easy,standard,search,0,0,1,0.25
easy_0010,easy,standard,search,0,0,2,0.25
easy_0010,easy,standard,search,0,0,3,0.175
easy_0010,easy,standard,search,0,0,4,0.15
easy_0010,easy,standard,search,0,0,5,0.075
easy_0011,easy,standard,search,0,0,1,0.275
easy_0011,easy,standard,search,0,0,2,0.2
easy_0011,easy,standard,search,0,0,3,0.175
easy_0011,easy,standard,search,0,0,4,0.125
easy_0011,easy,standard,search,0,0,5,0.15
easy_0012,easy,ai,search,1,0,1,0.45
easy_0012,easy,ai,search,1,0,2,0.25
easy_0012,easy,ai,search,1,0,3,0.2
easy_0012,easy,ai,search,1,0,4,0.2
easy_0012,easy,ai,search,1,0,5,0.1
easy_0013,easy,standard,search,0,0,1,0.475
easy_0013,easy,standard,search,0,0,2,0.3
easy_0013,easy,standard,search,0,0,3,0.15
easy_0013,easy,standard,search,0,0,4,0.075
easy_0013,easy,standard,search,0,0,5,0.225
easy_0014,easy,ai,central,1,1,1,0.45
easy_0014,easy,ai,central,1,1,2,0.25
easy_0014,easy,ai,central,1,1,3,0.275
easy_0014,easy,ai,central,1,1,4,0.275
easy_0014,easy,ai,central,1,1,5,0.075
easy_0015,easy,standard,search,0,0,1,0.3
easy_0015,easy,standard,search,0,0,2,0.275
easy_0015,easy,standard,search,0,0,3,0.15
easy_0015,easy,standard,search,0,0,4,0.075
easy_0015,easy,standard,search,0,0,5,0.1
easy_0016,easy,standard,central,0,1,1,0.35
easy_0016,easy,standard,central,0,1,2,0.2
easy_0016,easy,standard,central,0,1,3,0.275
easy_0016,easy,standard,central,0,1,4,0.2
easy_0016,easy,standard,central,0,1,5,0.175
easy_0017,easy,standard,central,0,1,1,0.325
easy_0017,easy,standard,central,0,1,2,0.325
easy_0017,easy,standard,central,0,1,3,0.2
easy_0017,easy,standard,central,0,1,4,0.125
easy_0017,easy,standard,central,0,1,5,0.125
easy_0018,easy,standard,search,0,0,1,0.4
easy_0018,easy,standard,search,0,0,2,0.225
easy_0018,easy,standard,search,0,0,3,0.175
easy_0018,easy,standard,search,0,0,4,0.175
easy_0018,easy,standard,search,0,0,5,0.075
easy_0019,easy,ai,search,1,0,1,0.325
easy_0019,easy,ai,search,1,0,2,0.275
easy_0019,easy,ai,search,1,0,3,0.15
easy_0019,easy,ai,search,1,0,4,0.175
easy_0019,easy,ai,search,1,0,5,0.175
easy_0020,easy,ai,central,1,1,1,0.45
easy_0020,easy,ai,central,1,1,2,0.275
easy_0020,easy,ai,central,1,1,3,0.275
easy_0020,easy,ai,central,1,1,4,0.175
easy_0020,easy,ai,central,1,1,5,0.1
easy_0021,easy,ai,search,1,0,1,0.275
easy_0021,easy,ai,search,1,0,2,0.375
easy_0021,easy,ai,search,1,0,3,0.15
easy_0021,easy,ai,search,1,0,4,0.275
easy_0021,easy,ai,search,1,0,5,0.075
easy_0022,easy,standard,central,0,1,1,0.325
easy_0022,easy,standard,central,0,1,2,0.2
easy_0022,easy,standard,central,0,1,3,0.225
easy_0022,easy,standard,central,0,1,4,0.275
easy_0022,easy,standard,central,0,1,5,0.1
easy_0023,easy,ai,central,1,1,1,0.3
easy_0023,easy,ai,central,1,1,2,0.275
easy_0023,easy,ai,central,1,1,3,0.15
easy_0023,easy,ai,central,1,1,4,0.275
easy_0023,easy,ai,central,1,1,5,0.15
easy_0024,easy,standard,central,0,1,1,0.35
easy_0024,easy,standard,central,0,1,2,0.15
easy_0024,easy,standard,central,0,1,3,0.125
easy_0024,easy,standard,central,0,1,4,0.15
easy_0024,easy,standard,central,0,1,5,0.15
easy_0025,easy,ai,central,1,1,1,0.275
easy_0025,easy,ai,central,1,1,2,0.25
easy_0025,easy,ai,central,1,1,3,0.275
easy_0025,easy,ai,central,1,1,4,0.175
easy_0025,easy,ai,central,1,1,5,0.2
easy_0026,easy,standard,search,0,0,1,0.3
easy_0026,easy,standard,search,0,0,2,0.175
easy_0026,easy,standard,search,0,0,3,0.05
easy_0026,easy,standard,search,0,0,4,0.15
easy_0026,easy,standard,search,0,0,5,0.075
easy_0027,easy,ai,central,1,1,1,0.4
easy_0027,easy,ai,central,1,1,2,0.35
easy_0027,easy,ai,central,1,1,3,0.1
easy_0027,easy,ai,central,1,1,4,0.15
easy_0027,easy,ai,central,1,1,5,0.25
easy_0028,easy,standard,central,0,1,1,0.375
easy_0028,easy,standard,central,0,1,2,0.15
easy_0028,easy,standard,central,0,1,3,0.275
easy_0028,easy,standard,central,0,1,4,0.2
easy_0028,easy,standard,central,0,1,5,0.15
easy_0029,easy,standard,search,0,0,1,0.275
easy_0029,easy,standard,search,0,0,2,0.35
easy_0029,easy,standard,search,0,0,3,0.225
easy_0029,easy,standard,search,0,0,4,0.2
easy_0029,easy,standard,search,0,0,5,0.225
easy_0030,easy,standard,search,0,0,1,0.175
easy_0030,easy,standard,search,0,0,2,0.2
easy_0030,easy,standard,search,0,0,3,0.125
easy_0030,easy,standard,search,0,0,4,0.1
easy_0030,easy,standard,search,0,0,5,0.05
easy_0031,easy,ai,search,1,0,1,0.475
easy_0031,easy,ai,search,1,0,2,0.2
easy_0031,easy,ai,search,1,0,3,0.225
easy_0031,easy,ai,search,1,0,4,0.075
easy_0031,easy,ai,search,1,0,5,0.075
easy_0032,easy,ai,central,1,1,1,0.275
easy_0032,easy,ai,central,1,1,2,0.325
easy_0032,easy,ai,central,1,1,3,0.175
easy_0032,easy,ai,central,1,1,4,0.1
easy_0032,easy,ai,central,1,1,5,0.1
easy_0033,easy,standard,central,0,1,1,0.3
easy_0033,easy,standard,central,0,1,2,0.275
easy_0033,easy,standard,central,0,1,3,0.2
easy_0033,easy,standard,central,0,1,4,0.175
easy_0033,easy,standard,central,0,1,5,0.1
easy_0034,easy,ai,central,1,1,1,0.35
easy_0034,easy,ai,central,1,1,2,0.3
easy_0034,easy,ai,central,1,1,3,0.175
easy_0034,easy,ai,central,1,1,4,0.25
easy_0034,easy,ai,central,1,1,5,0.1
easy_0035,easy,ai,search,1,0,1,0.2
easy_0035,easy,ai,search,1,0,2,0.325
easy_0035,easy,ai,search,1,0,3,0.2
easy_0035,easy,ai,search,1,0,4,0.2
easy_0035,easy,ai,search,1,0,5,0.2
easy_0036,easy,standard,search,0,0,1,0.45
easy_0036,easy,standard,search,0,0,2,0.175
easy_0036,easy,standard,search,0,0,3,0.2
easy_0036,easy,standard,search,0,0,4,0.2
easy_0036,easy,standard,search,0,0,5,0.125
easy_0037,easy,ai,search,1,0,1,0.275
easy_0037,easy,ai,search,1,0,2,0.3
easy_0037,easy,ai,search,1,0,3,0.25
easy_0037,easy,ai,search,1,0,4,0.125
easy_0037,easy,ai,search,1,0,5,0.125
easy_0038,easy,ai,central,1,1,1,0.3
easy_0038,easy,ai,central,1,1,2,0.275
easy_0038,easy,ai,central,1,1,3,0.325
easy_0038,easy,ai,central,1,1,4,0.175
easy_0038,easy,ai,central,1,1,5,0.15
easy_0039,easy,ai,search,1,0,1,0.325
easy_0039,easy,ai,search,1,0,2,0.35
easy_0039,easy,ai,search,1,0,3,0.25
easy_0039,easy,ai,search,1,0,4,0.175
easy_0039,easy,ai,search,1,0,5,0.25
easy_0040,easy,ai,search,1,0,1,0.375
easy_0040,easy,ai,search,1,0,2,0.125
easy_0040,easy,ai,search,1,0,3,0.225
easy_0040,easy,ai,search,1,0,4,0.225
easy_0040,easy,ai,search,1,0,5,0.225
easy_0041,easy,standard,central,0,1,1,0.25
easy_0041,easy,standard,central,0,1,2,0.2
easy_0041,easy,standard,central,0,1,3,0.2
easy_0041,easy,standard,central,0,1,4,0.175
easy_0041,easy,standard,central,0,1,5,0.125
easy_0042,easy,ai,search,1,0,1,0.275
easy_0042,easy,ai,search,1,0,2,0.2
easy_0042,easy,ai,search,1,0,3,0.1
easy_0042,easy,ai,search,1,0,4,0.25
easy_0042,easy,ai,search,1,0,5,0.125
easy_0043,easy,ai,search,1,0,1,0.375
easy_0043,easy,ai,search,1,0,2,0.25
easy_0043,easy,ai,search,1,0,3,0.2
easy_0043,easy,ai,search,1,0,4,0.25
easy_0043,easy,ai,search,1,0,5,0.075
easy_0044,easy,ai,search,1,0,1,0.3
easy_0044,easy,ai,search,1,0,2,0.225
easy_0044,easy,ai,search,1,0,3,0.2
easy_0044,easy,ai,search,1,0,4,0.25
easy_0044,easy,ai,search,1,0,5,0.1
easy_0045,easy,ai,central,1,1,1,0.35
easy_0045,easy,ai,central,1,1,2,0.325
easy_0045,easy,ai,central,1,1,3,0.325
easy_0045,easy,ai,central,1,1,4,0.025
easy_0045,easy,ai,central,1,1,5,0.1
easy_0046,easy,ai,search,1,0,1,0.5
easy_0046,easy,ai,search,1,0,2,0.275
easy_0046,easy,ai,search,1,0,3,0.3
easy_0046,easy,ai,search,1,0,4,0.2
easy_0046,easy,ai,search,1,0,5,0.15
easy_0047,easy,ai,search,1,0,1,0.3
easy_0047,easy,ai,search,1,0,2,0.3
easy_0047,easy,ai,search,1,0,3,0.125
easy_0047,easy,ai,search,1,0,4,0.25
easy_0047,easy,ai,search,1,0,5,0.125
easy_0048,easy,ai,search,1,0,1,0.45
easy_0048,easy,ai,search,1,0,2,0.25
easy_0048,easy,ai,search,1,0,3,0.25
easy_0048,easy,ai,search,1,0,4,0.15
easy_0048,easy,ai,search,1,0,5,0.2
easy_0049,easy,ai,search,1,0,1,0.4
easy_0049,easy,ai,search,1,0,2,0.325
easy_0049,easy,ai,search,1,0,3,0.275
easy_0049,easy,ai,search,1,0,4,0.175
easy_0049,easy,ai,search,1,0,5,0.125
easy_0050,easy,standard,central,0,1,1,0.325
easy_0050,easy,standard,central,0,1,2,0.325
easy_0050,easy,standard,central,0,1,3,0.225
easy_0050,easy,standard,central,0,1,4,0.125
easy_0050,easy,standard,central,0,1,5,0.05
easy_0051,easy,standard,search,0,0,1,0.325
easy_0051,easy,standard,search,0,0,2,0.275
easy_0051,easy,standard,search,0,0,3,0.25
easy_0051,easy,standard,search,0,0,4,0.15
easy_0051,easy,standard,search,0,0,5,0.025
easy_0052,easy,ai,search,1,0,1,0.35
easy_0052,easy,ai,search,1,0,2,0.25
easy_0052,easy,ai,search,1,0,3,0.15
easy_0052,easy,ai,search,1,0,4,0.15
easy_0052,easy,ai,search,1,0,5,0.225
easy_0053,easy,standard,central,0,1,1,0.375
easy_0053,easy,standard,central,0,1,2,0.3
easy_0053,easy,standard,central,0,1,3,0.2
easy_0053,easy,standard,central,0,1,4,0.2
easy_0053,easy,standard,central,0,1,5,0.1
easy_0054,easy,standard,search,0,0,1,0.25
easy_0054,easy,standard,search,0,0,2,0.2
easy_0054,easy,standard,search,0,0,3,0.175
easy_0054,easy,standard,search,0,0,4,0.1
easy_0054,easy,standard,search,0,0,5,0.125
easy_0055,easy,standard,central,0,1,1,0.25
easy_0055,easy,standard,central,0,1,2,0.075
easy_0055,easy,standard,central,0,1,3,0.175
easy_0055,easy,standard,central,0,1,4,0.1
easy_0055,easy,standard,central,0,1,5,0.125
easy_0056,easy,ai,central,1,1,1,0.325
easy_0056,easy,ai,central,1,1,2,0.25
easy_0056,easy,ai,central,1,1,3,0.275
easy_0056,easy,ai,central,1,1,4,0.15
easy_0056,easy,ai,central,1,1,5,0.125
easy_0057,easy,standard,central,0,1,1,0.275
easy_0057,easy,standard,central,0,1,2,0.225
easy_0057,easy,standard,central,0,1,3,0.3
easy_0057,easy,standard,central,0,1,4,0.125
easy_0057,easy,standard,central,0,1,5,0.1
easy_0058,easy,standard,search,0,0,1,0.45
easy_0058,easy,standard,search,0,0,2,0.225
easy_0058,easy,standard,search,0,0,3,0.275
easy_0058,easy,standard,search,0,0,4,0.05
easy_0058,easy,standard,search,0,0,5,0.05
easy_0059,easy,ai,central,1,1,1,0.55
easy_0059,easy,ai,central,1,1,2,0.25
easy_0059,easy,ai,central,1,1,3,0.2
easy_0059,easy,ai,central,1,1,4,0.05
easy_0059,easy,ai,central,1,1,5,0.2
easy_0060,easy,ai,central,1,1,1,0.5
easy_0060,easy,ai,central,1,1,2,0.275
easy_0060,easy,ai,central,1,1,3,0.15
easy_0060,easy,ai,central,1,1,4,0.15
easy_0060,easy,ai,central,1,1,5,0.15
easy_0061,easy,ai,search,1,0,1,0.375
easy_0061,easy,ai,search,1,0,2,0.225
easy_0061,easy,ai,search,1,0,3,0.275
easy_0061,easy,ai,search,1,0,4,0.15
easy_0061,easy,ai,search,1,0,5,0.15
easy_0062,easy,standard,central,0,1,1,0.275
easy_0062,easy,standard,central,0,1,2,0.25
easy_0062,easy,standard,central,0,1,3,0.2
easy_0062,easy,standard,central,0,1,4,0.1
easy_0062,easy,standard,central,0,1,5,0.075
easy_0063,easy,standard,search,0,0,1,0.4
easy_0063,easy,standard,search,0,0,2,0.45
easy_0063,easy,standard,search,0,0,3,0.25
easy_0063,easy,standard,search,0,0,4,0.175
easy_0063,easy,standard,search,0,0,5,0.1
easy_0064,easy,standard,central,0,1,1,0.4
easy_0064,easy,standard,central,0,1,2,0.1
easy_0064,easy,standard,central,0,1,3,0.15
easy_0064,easy,standard,central,0,1,4,0.15
easy_0064,easy,standard,central,0,1,5,0.125
easy_0065,easy,ai,search,1,0,1,0.3
easy_0065,easy,ai,search,1,0,2,0.275
easy_0065,easy,ai,search,1,0,3,0.175
easy_0065,easy,ai,search,1,0,4,0.2
easy_0065,easy,ai,search,1,0,5,0.05
easy_0066,easy,ai,central,1,1,1,0.275
easy_0066,easy,ai,central,1,1,2,0.25
easy_0066,easy,ai,central,1,1,3,0.25
easy_0066,easy,ai,central,1,1,4,0.175
easy_0066,easy,ai,central,1,1,5,0.175
easy_0067,easy,standard,central,0,1,1,0.325
easy_0067,easy,standard,central,0,1,2,0.175
easy_0067,easy,standard,central,0,1,3,0.225
easy_0067,easy,standard,central,0,1,4,0.2
easy_0067,easy,standard,central,0,1,5,0.05
easy_0068,easy,standard,search,0,0,1,0.3
easy_0068,easy,standard,search,0,0,2,0.275
easy_0068,easy,standard,search,0,0,3,0.025
easy_0068,easy,standard,search,0,0,4,0.1
easy_0068,easy,standard,search,0,0,5,0.125
easy_0069,easy,standard,central,0,1,1,0.35
easy_0069,easy,standard,central,0,1,2,0.25
easy_0069,easy,standard,central,0,1,3,0.125
easy_0069,easy,standard,central,0,1,4,0.125
easy_0069,easy,standard,central,0,1,5,0.125
easy_0070,easy,ai,search,1,0,1,0.425
easy_0070,easy,ai,search,1,0,2,0.325
easy_0070,easy,ai,search,1,0,3,0.25
easy_0070,easy,ai,search,1,0,4,0.225
easy_0070,easy,ai,search,1,0,5,0.175
easy_0071,easy,standard,central,0,1,1,0.325
easy_0071,easy,standard,central,0,1,2,0.15
easy_0071,easy,standard,central,0,1,3,0.225
easy_0071,easy,standard,central,0,1,4,0.15
easy_0071,easy,standard,central,0,1,5,0.15
easy_0072,easy,standard,search,0,0,1,0.425
easy_0072,easy,standard,search,0,0,2,0.325
easy_0072,easy,standard,search,0,0,3,0.2
easy_0072,easy,standard,search,0,0,4,0.175
easy_0072,easy,standard,search,0,0,5,0.15
easy_0073,easy,ai,search,1,0,1,0.325
easy_0073,easy,ai,search,1,0,2,0.225
easy_0073,easy,ai,search,1,0,3,0.3
easy_0073,easy,ai,search,1,0,4,0.175
easy_0073,easy,ai,search,1,0,5,0.2
easy_0074,easy,ai,central,1,1,1,0.4
easy_0074,easy,ai,central,1,1,2,0.225
easy_0074,easy,ai,central,1,1,3,0.275
easy_0074,easy,ai,central,1,1,4,0.075
easy_0074,easy,ai,central,1,1,5,0.225
easy_0075,easy,ai,central,1,1,1,0.325
easy_0075,easy,ai,central,1,1,2,0.275
easy_0075,easy,ai,central,1,1,3,0.325
easy_0075,easy,ai,central,1,1,4,0.175
easy_0075,easy,ai,central,1,1,5,0.25
easy_0076,easy,standard,central,0,1,1,0.375
easy_0076,easy,standard,central,0,1,2,0.175
easy_0076,easy,standard,central,0,1,3,0.1
easy_0076,easy,standard,central,0,1,4,0.25
easy_0076,easy,standard,central,0,1,5,0.025
easy_0077,easy,ai,search,1,0,1,0.475
easy_0077,easy,ai,search,1,0,2,0.15
easy_0077,easy,ai,search,1,0,3,0.175
easy_0077,easy,ai,search,1,0,4,0.25
easy_0077,easy,ai,search,1,0,5,0.175
easy_0078,easy,ai,search,1,0,1,0.275
easy_0078,easy,ai,search,1,0,2,0.35
easy_0078,easy,ai,search,1,0,3,0.1
easy_0078,easy,ai,search,1,0,4,0.125
easy_0078,easy,ai,search,1,0,5,0.125
easy_0079,easy,standard,central,0,1,1,0.275
easy_0079,easy,standard,central,0,1,2,0.125
easy_0079,easy,standard,central,0,1,3,0.2
easy_0079,easy,standard,central,0,1,4,0.075
easy_0079,easy,standard,central,0,1,5,0.025
easy_0080,easy,standard,central,0,1,1,0.4
easy_0080,easy,standard,central,0,1,2,0.3
easy_0080,easy,standard,central,0,1,3,0.175
easy_0080,easy,standard,central,0,1,4,0.15
easy_0080,easy,standard,central,0,1,5,0.125
easy_0081,easy,ai,central,1,1,1,0.25
easy_0081,easy,ai,central,1,1,2,0.2
easy_0081,easy,ai,central,1,1,3,0.225
easy_0081,easy,ai,central,1,1,4,0.125
easy_0081,easy,ai,central,1,1,5,0.15
easy_0082,easy,standard,search,0,0,1,0.375
easy_0082,easy,standard,search,0,0,2,0.15
easy_0082,easy,standard,search,0,0,3,0.25
easy_0082,easy,standard,search,0,0,4,0.1
easy_0082,easy,standard,search,0,0,5,0.075
easy_0083,easy,standard,central,0,1,1,0.325
easy_0083,easy,standard,central,0,1,2,0.225
easy_0083,easy,standard,central,0,1,3,0.15
easy_0083,easy,standard,central,0,1,4,0.15
easy_0083,easy,standard,central,0,1,5,0.025
easy_0084,easy,standard,search,0,0,1,0.425
easy_0084,easy,standard,search,0,0,2,0.225
easy_0084,easy,standard,search,0,0,3,0.3
easy_0084,easy,standard,search,0,0,4,0.175
easy_0084,easy,standard,search,0,0,5,0.15
easy_0085,easy,ai,central,1,1,1,0.3
easy_0085,easy,ai,central,1,1,2,0.3
easy_0085,easy,ai,central,1,1,3,0.1
easy_0085,easy,ai,central,1,1,4,0.1
easy_0085,easy,ai,central,1,1,5,0.175
easy_0086,easy,standard,central,0,1,1,0.425
easy_0086,easy,standard,central,0,1,2,0.175
easy_0086,easy,standard,central,0,1,3,0.15
easy_0086,easy,standard,central,0,1,4,0.25
easy_0086,easy,standard,central,0,1,5,0.15
easy_0087,easy,ai,search,1,0,1,0.35
easy_0087,easy,ai,search,1,0,2,0.225
easy_0087,easy,ai,search,1,0,3,0.175
easy_0087,easy,ai,search,1,0,4,0.2
easy_0087,easy,ai,search,1,0,5,0.15
easy_0088,easy,standard,search,0,0,1,0.2
easy_0088,easy,standard,search,0,0,2,0.275
easy_0088,easy,standard,search,0,0,3,0.125
easy_0088,easy,standard,search,0,0,4,0.2
easy_0088,easy,standard,search,0,0,5,0.075
easy_0089,easy,ai,central,1,1,1,0.2
easy_0089,easy,ai,central,1,1,2,0.15
easy_0089,easy,ai,central,1,1,3,0.2
easy_0089,easy,ai,central,1,1,4,0.15
easy_0089,easy,ai,central,1,1,5,0.175
easy_0090,easy,ai,central,1,1,1,0.3
easy_0090,easy,ai,central,1,1,2,0.275
easy_0090,easy,ai,central,1,1,3,0.275
easy_0090,easy,ai,central,1,1,4,0.15
easy_0090,easy,ai,central,1,1,5,0.075
easy_0091,easy,ai,central,1,1,1,0.325
easy_0091,easy,ai,central,1,1,2,0.325
easy_0091,easy,ai,central,1,1,3,0.25
easy_0091,easy,ai,central,1,1,4,0.15
easy_0091,easy,ai,central,1,1,5,0.075
easy_0092,easy,standard,search,0,0,1,0.35
easy_0092,easy,standard,search,0,0,2,0.2
easy_0092,easy,standard,search,0,0,3,0.2
easy_0092,easy,standard,search,0,0,4,0.125
easy_0092,easy,standard,search,0,0,5,0.1
easy_0093,easy,standard,search,0,0,1,0.5
easy_0093,easy,standard,search,0,0,2,0.25
easy_0093,easy,standard,search,0,0,3,0.2
easy_0093,easy,standard,search,0,0,4,0.2
easy_0093,easy,standard,search,0,0,5,0.1
easy_0094,easy,standard,central,0,1,1,0.3
easy_0094,easy,standard,central,0,1,2,0.125
easy_0094,easy,standard,central,0,1,3,0.1
easy_0094,easy,standard,central,0,1,4,0.025
easy_0094,easy,standard,central,0,1,5,0.125
easy_0095,easy,ai,central,1,1,1,0.4
easy_0095,easy,ai,central,1,1,2,0.225
easy_0095,easy,ai,central,1,1,3,0.325
easy_0095,easy,ai,central,1,1,4,0.175
easy_0095,easy,ai,central,1,1,5,0.125
easy_0096,easy,ai,central,1,1,1,0.4
easy_0096,easy,ai,central,1,1,2,0.175
easy_0096,easy,ai,central,1,1,3,0.25
easy_0096,easy,ai,central,1,1,4,0.175
easy_0096,easy,ai,central,1,1,5,0.125
easy_0097,easy,standard,central,0,1,1,0.425
easy_0097,easy,standard,central,0,1,2,0.125
easy_0097,easy,standard,central,0,1,3,0.15
easy_0097,easy,standard,central,0,1,4,0.2
easy_0097,easy,standard,central,0,1,5,0.175
easy_0098,easy,standard,central,0,1,1,0.275
easy_0098,easy,standard,central,0,1,2,0.2
easy_0098,easy,standard,central,0,1,3,0.225
easy_0098,easy,standard,central,0,1,4,0.15
easy_0098,easy,standard,central,0,1,5,0.175
easy_0099,easy,standard,search,0,0,1,0.375
easy_0099,easy,standard,search,0,0,2,0.225
easy_0099,easy,standard,search,0,0,3,0.125
easy_0099,easy,standard,search,0,0,4,0.175
easy_0099,easy,standard,search,0,0,5,0.1
easy_0100,easy,standard,search,0,0,1,0.375
easy_0100,easy,standard,search,0,0,2,0.2
easy_0100,easy,standard,search,0,0,3,0.175
easy_0100,easy,standard,search,0,0,4,0.15
easy_0100,easy,standard,search,0,0,5,0.275
easy_0101,easy,standard,central,0,1,1,0.45
easy_0101,easy,standard,central,0,1,2,0.15
easy_0101,easy,standard,central,0,1,3,0.375
easy_0101,easy,standard,central,0,1,4,0.05
easy_0101,easy,standard,central,0,1,5,0.1
easy_0102,easy,ai,central,1,1,1,0.275
easy_0102,easy,ai,central,1,1,2,0.15
easy_0102,easy,ai,central,1,1,3,0.3
easy_0102,easy,ai,central,1,1,4,0.1
easy_0102,easy,ai,central,1,1,5,0.125
easy_0103,easy,ai,central,1,1,1,0.375
easy_0103,easy,ai,central,1,1,2,0.425
easy_0103,easy,ai,central,1,1,3,0.275
easy_0103,easy,ai,central,1,1,4,0.125
easy_0103,easy,ai,central,1,1,5,0.1
easy_0104,easy,standard,central,0,1,1,0.2
easy_0104,easy,standard,central,0,1,2,0.3
easy_0104,easy,standard,central,0,1,3,0.275
easy_0104,easy,standard,central,0,1,4,0.15
easy_0104,easy,standard,central,0,1,5,0.2
easy_0105,easy,standard,central,0,1,1,0.425
easy_0105,easy,standard,central,0,1,2,0.15
easy_0105,easy,standard,central,0,1,3,0.225
easy_0105,easy,standard,central,0,1,4,0.175
easy_0105,easy,standard,central,0,1,5,0.175
easy_0106,easy,ai,central,1,1,1,0.4
easy_0106,easy,ai,central,1,1,2,0.25
easy_0106,easy,ai,central,1,1,3,0.15
easy_0106,easy,ai,central,1,1,4,0.2
easy_0106,easy,ai,central,1,1,5,0.275
easy_0107,easy,standard,central,0,1,1,0.25
easy_0107,easy,standard,central,0,1,2,0.15
easy_0107,easy,standard,central,0,1,3,0.25
easy_0107,easy,standard,central,0,1,4,0.175
easy_0107,easy,standard,central,0,1,5,0.075
easy_0108,easy,standard,search,0,0,1,0.35
easy_0108,easy,standard,search,0,0,2,0.25
easy_0108,easy,standard,search,0,0,3,0.125
easy_0108,easy,standard,search,0,0,4,0.075
easy_0108,easy,standard,search,0,0,5,0.125
easy_0109,easy,standard,search,0,0,1,0.325
easy_0109,easy,standard,search,0,0,2,0.275
easy_0109,easy,standard,search,0,0,3,0.15
easy_0109,easy,standard,search,0,0,4,0.125
easy_0109,easy,standard,search,0,0,5,0.075
easy_0110,easy,ai,search,1,0,1,0.4
easy_0110,easy,ai,search,1,0,2,0.25
easy_0110,easy,ai,search,1,0,3,0.25
easy_0110,easy,ai,search,1,0,4,0.125
easy_0110,easy,ai,search,1,0,5,0.1
easy_0111,easy,ai,central,1,1,1,0.4
easy_0111,easy,ai,central,1,1,2,0.325
easy_0111,easy,ai,central,1,1,3,0.175
easy_0111,easy,ai,central,1,1,4,0.15
easy_0111,easy,ai,central,1,1,5,0.125
easy_0112,easy,standard,central,0,1,1,0.325
easy_0112,easy,standard,central,0,1,2,0.175
easy_0112,easy,standard,central,0,1,3,0.125
easy_0112,easy,standard,central,0,1,4,0.025
easy_0112,easy,standard,central,0,1,5,0.075
easy_0113,easy,standard,central,0,1,1,0.425
easy_0113,easy,standard,central,0,1,2,0.25
easy_0113,easy,standard,central,0,1,3,0.35
easy_0113,easy,standard,central,0,1,4,0.125
easy_0113,easy,standard,central,0,1,5,0.1
easy_0114,easy,standard,central,0,1,1,0.35
easy_0114,easy,standard,central,0,1,2,0.325
easy_0114,easy,standard,central,0,1,3,0.125
easy_0114,easy,standard,central,0,1,4,0.2
easy_0114,easy,standard,central,0,1,5,0.1
easy_0115,easy,ai,central,1,1,1,0.275
easy_0115,easy,ai,central,1,1,2,0.275
easy_0115,easy,ai,central,1,1,3,0.2
easy_0115,easy,ai,central,1,1,4,0.15
easy_0115,easy,ai,central,1,1,5,0.3
easy_0116,easy,standard,search,0,0,1,0.225
easy_0116,easy,standard,search,0,0,2,0.175
easy_0116,easy,standard,search,0,0,3,0.15
easy_0116,easy,standard,search,0,0,4,0.125
easy_0116,easy,standard,search,0,0,5,0.175
easy_0117,easy,standard,search,0,0,1,0.3
easy_0117,easy,standard,search,0,0,2,0.125
easy_0117,easy,standard,search,0,0,3,0.225
easy_0117,easy,standard,search,0,0,4,0.1
easy_0117,easy,standard,search,0,0,5,0.2
easy_0118,easy,ai,search,1,0,1,0.425
easy_0118,easy,ai,search,1,0,2,0.3
easy_0118,easy,ai,search,1,0,3,0.225
easy_0118,easy,ai,search,1,0,4,0.125
easy_0118,easy,ai,search,1,0,5,0.175
easy_0119,easy,ai,central,1,1,1,0.225
easy_0119,easy,ai,central,1,1,2,0.325
easy_0119,easy,ai,central,1,1,3,0.275
easy_0119,easy,ai,central,1,1,4,0.25
easy_0119,easy,ai,central,1,1,5,0.125
easy_0120,easy,ai,central,1,1,1,0.375
easy_0120,easy,ai,central,1,1,2,0.325
easy_0120,easy,ai,central,1,1,3,0.175
easy_0120,easy,ai,central,1,1,4,0.175
easy_0120,easy,ai,central,1,1,5,0.125
easy_0121,easy,standard,search,0,0,1,0.325
easy_0121,easy,standard,search,0,0,2,0.125
easy_0121,easy,standard,search,0,0,3,0.175
easy_0121,easy,standard,search,0,0,4,0.15
easy_0121,easy,standard,search,0,0,5,0.075
easy_0122,easy,ai,search,1,0,1,0.35
easy_0122,easy,ai,search,1,0,2,0.375
easy_0122,easy,ai,search,1,0,3,0.1
easy_0122,easy,ai,search,1,0,4,0.25
easy_0122,easy,ai,search,1,0,5,0.05
easy_0123,easy,standard,search,0,0,1,0.3
easy_0123,easy,standard,search,0,0,2,0.225
easy_0123,easy,standard,search,0,0,3,0.175
easy_0123,easy,standard,search,0,0,4,0.225
easy_0123,easy,standard,search,0,0,5,0.1
easy_0124,easy,ai,central,1,1,1,0.375
easy_0124,easy,ai,central,1,1,2,0.225
easy_0124,easy,ai,central,1,1,3,0.25
easy_0124,easy,ai,central,1,1,4,0.175
easy_0124,easy,ai,central,1,1,5,0.1
easy_0125,easy,standard,central,0,1,1,0.275
easy_0125,easy,standard,central,0,1,2,0.3
easy_0125,easy,standard,central,0,1,3,0.25
easy_0125,easy,standard,central,0,1,4,0.075
easy_0125,easy,standard,central,0,1,5,0.075
easy_0126,easy,standard,central,0,1,1,0.35
easy_0126,easy,standard,central,0,1,2,0.2
easy_0126,easy,standard,central,0,1,3,0.15
easy_0126,easy,standard,central,0,1,4,0.25
easy_0126,easy,standard,central,0,1,5,0.1
easy_0127,easy,standard,search,0,0,1,0.5
easy_0127,easy,standard,search,0,0,2,0.15
easy_0127,easy,standard,search,0,0,3,0.2
easy_0127,easy,standard,search,0,0,4,0.075
easy_0127,easy,standard,search,0,0,5,0.025
easy_0128,easy,ai,search,1,0,1,0.375
easy_0128,easy,ai,search,1,0,2,0.25
easy_0128,easy,ai,search,1,0,3,0.15
easy_0128,easy,ai,search,1,0,4,0.15
easy_0128,easy,ai,search,1,0,5,0.1
easy_0129,easy,standard,search,0,0,1,0.35
easy_0129,easy,standard,search,0,0,2,0.225
easy_0129,easy,standard,search,0,0,3,0.125
easy_0129,easy,standard,search,0,0,4,0.075
easy_0129,easy,standard,search,0,0,5,0.1
easy_0130,easy,ai,central,1,1,1,0.175
easy_0130,easy,ai,central,1,1,2,0.375
easy_0130,easy,ai,central,1,1,3,0.25
easy_0130,easy,ai,central,1,1,4,0.225
easy_0130,easy,ai,central,1,1,5,0.1
easy_0131,easy,standard,central,0,1,1,0.425
easy_0131,easy,standard,central,0,1,2,0.3
easy_0131,easy,standard,central,0,1,3,0.15
easy_0131,easy,standard,central,0,1,4,0.225
easy_0131,easy,standard,central,0,1,5,0.1
easy_0132,easy,ai,central,1,1,1,0.25
easy_0132,easy,ai,central,1,1,2,0.275
easy_0132,easy,ai,central,1,1,3,0.15
easy_0132,easy,ai,central,1,1,4,0.2
easy_0132,easy,ai,central,1,1,5,0.225
easy_0133,easy,ai,search,1,0,1,0.3
easy_0133,easy,ai,search,1,0,2,0.375
easy_0133,easy,ai,search,1,0,3,0.15
easy_0133,easy,ai,search,1,0,4,0.15
easy_0133,easy,ai,search,1,0,5,0.15
easy_0134,easy,ai,search,1,0,1,0.325
easy_0134,easy,ai,search,1,0,2,0.275
easy_0134,easy,ai,search,1,0,3,0.175
easy_0134,easy,ai,search,1,0,4,0.15
easy_0134,easy,ai,search,1,0,5,0.125
easy_0135,easy,standard,central,0,1,1,0.275
easy_0135,easy,standard,central,0,1,2,0.425
easy_0135,easy,standard,central,0,1,3,0.1
easy_0135,easy,standard,central,0,1,4,0.1
easy_0135,easy,standard,central,0,1,5,0.025
easy_0136,easy,ai,search,1,0,1,0.45
easy_0136,easy,ai,search,1,0,2,0.35
easy_0136,easy,ai,search,1,0,3,0.2
easy_0136,easy,ai,search,1,0,4,0.2
easy_0136,easy,ai,search,1,0,5,0.075
easy_0137,easy,standard,search,0,0,1,0.25
easy_0137,easy,standard,search,0,0,2,0.2
easy_0137,easy,standard,search,0,0,3,0.1
easy_0137,easy,standard,search,0,0,4,0.15
easy_0137,easy,standard,search,0,0,5,0.1
easy_0138,easy,ai,search,1,0,1,0.375
easy_0138,easy,ai,search,1,0,2,0.425
easy_0138,easy,ai,search,1,0,3,0.25
easy_0138,easy,ai,search,1,0,4,0.15
easy_0138,easy,ai,search,1,0,5,0.1
easy_0139,easy,ai,central,1,1,1,0.225
easy_0139,easy,ai,central,1,1,2,0.2
easy_0139,easy,ai,central,1,1,3,0.075
easy_0139,easy,ai,central,1,1,4,0.15
easy_0139,easy,ai,central,1,1,5,0.1
easy_0140,easy,ai,central,1,1,1,0.325
easy_0140,easy,ai,central,1,1,2,0.275
easy_0140,easy,ai,central,1,1,3,0.225
easy_0140,easy,ai,central,1,1,4,0.225
easy_0140,easy,ai,central,1,1,5,0.1
easy_0141,easy,standard,central,0,1,1,0.375
easy_0141,easy,standard,central,0,1,2,0.25
easy_0141,easy,standard,central,0,1,3,0.125
easy_0141,easy,standard,central,0,1,4,0.075
easy_0141,easy,standard,central,0,1,5,0.125
easy_0142,easy,standard,search,0,0,1,0.4
easy_0142,easy,standard,search,0,0,2,0.175
easy_0142,easy,standard,search,0,0,3,0.3
easy_0142,easy,standard,search,0,0,4,0.05
easy_0142,easy,standard,search,0,0,5,0.05
easy_0143,easy,ai,search,1,0,1,0.4
easy_0143,easy,ai,search,1,0,2,0.325
easy_0143,easy,ai,search,1,0,3,0.225
easy_0143,easy,ai,search,1,0,4,0.2
easy_0143,easy,ai,search,1,0,5,0.175
easy_0144,easy,standard,search,0,0,1,0.275
easy_0144,easy,standard,search,0,0,2,0.275
easy_0144,easy,standard,search,0,0,3,0.3
easy_0144,easy,standard,search,0,0,4,0.075
easy_0144,easy,standard,search,0,0,5,0.075
easy_0145,easy,ai,central,1,1,1,0.275
easy_0145,easy,ai,central,1,1,2,0.275
easy_0145,easy,ai,central,1,1,3,0.175
easy_0145,easy,ai,central,1,1,4,0.1
easy_0145,easy,ai,central,1,1,5,0.175
easy_0146,easy,standard,central,0,1,1,0.475
easy_0146,easy,standard,central,0,1,2,0.225
easy_0146,easy,standard,central,0,1,3,0.125
easy_0146,easy,standard,central,0,1,4,0.25
easy_0146,easy,standard,central,0,1,5,0.1
easy_0147,easy,ai,central,1,1,1,0.3
easy_0147,easy,ai,central,1,1,2,0.425
easy_0147,easy,ai,central,1,1,3,0.15
easy_0147,easy,ai,central,1,1,4,0.125
easy_0147,easy,ai,central,1,1,5,0.075
easy_0148,easy,ai,search,1,0,1,0.35
easy_0148,easy,ai,search,1,0,2,0.25
easy_0148,easy,ai,search,1,0,3,0.2
easy_0148,easy,ai,search,1,0,4,0.05
easy_0148,easy,ai,search,1,0,5,0.2
easy_0149,easy,standard,search,0,0,1,0.325
easy_0149,easy,standard,search,0,0,2,0.225
easy_0149,easy,standard,search,0,0,3,0.25
easy_0149,easy,standard,search,0,0,4,0.225
easy_0149,easy,standard,search,0,0,5,0.15
easy_0150,easy,ai,search,1,0,1,0.375
easy_0150,easy,ai,search,1,0,2,0.35
easy_0150,easy,ai,search,1,0,3,0.225
easy_0150,easy,ai,search,1,0,4,0.175
easy_0150,easy,ai,search,1,0,5,0.15
easy_0151,easy,standard,search,0,0,1,0.2
easy_0151,easy,standard,search,0,0,2,0.225
easy_0151,easy,standard,search,0,0,3,0.2
easy_0151,easy,standard,search,0,0,4,0.05
easy_0151,easy,standard,search,0,0,5,0.1
easy_0152,easy,ai,central,1,1,1,0.25
easy_0152,easy,ai,central,1,1,2,0.45
easy_0152,easy,ai,central,1,1,3,0.175
easy_0152,easy,ai,central,1,1,4,0.175
easy_0152,easy,ai,central,1,1,5,0.075
easy_0153,easy,standard,central,0,1,1,0.35
easy_0153,easy,standard,central,0,1,2,0.3
easy_0153,easy,standard,central,0,1,3,0.175
easy_0153,easy,standard,central,0,1,4,0.225
easy_0153,easy,standard,central,0,1,5,0.025
easy_0154,easy,ai,central,1,1,1,0.375
easy_0154,easy,ai,central,1,1,2,0.425
easy_0154,easy,ai,central,1,1,3,0.25
easy_0154,easy,ai,central,1,1,4,0.325
easy_0154,easy,ai,central,1,1,5,0.15
easy_0155,easy,ai,search,1,0,1,0.3
easy_0155,easy,ai,search,1,0,2,0.3
easy_0155,easy,ai,search,1,0,3,0.225
easy_0155,easy,ai,search,1,0,4,0.125
easy_0155,easy,ai,search,1,0,5,0.1
easy_0156,easy,standard,search,0,0,1,0.375
easy_0156,easy,standard,search,0,0,2,0.275
easy_0156,easy,standard,search,0,0,3,0.3
easy_0156,easy,standard,search,0,0,4,0.125
easy_0156,easy,standard,search,0,0,5,0.075
easy_0157,easy,standard,search,0,0,1,0.2
easy_0157,easy,standard,search,0,0,2,0.125
easy_0157,easy,standard,search,0,0,3,0.1
easy_0157,easy,standard,search,0,0,4,0.1
easy_0157,easy,standard,search,0,0,5,0.0
easy_0158,easy,ai,central,1,1,1,0.425
easy_0158,easy,ai,central,1,1,2,0.275
easy_0158,easy,ai,central,1,1,3,0.2
easy_0158,easy,ai,central,1,1,4,0.2
easy_0158,easy,ai,central,1,1,5,0.125
easy_0159,easy,ai,search,1,0,1,0.325
easy_0159,easy,ai,search,1,0,2,0.175
easy_0159,easy,ai,search,1,0,3,0.175
easy_0159,easy,ai,search,1,0,4,0.1
easy_0159,easy,ai,search,1,0,5,0.125
easy_0160,easy,ai,search,1,0,1,0.375
easy_0160,easy,ai,search,1,0,2,0.275
easy_0160,easy,ai,search,1,0,3,0.175
easy_0160,easy,ai,search,1,0,4,0.15
easy_0160,easy,ai,search,1,0,5,0.075
easy_0161,easy,ai,search,1,0,1,0.25
easy_0161,easy,ai,search,1,0,2,0.275
easy_0161,easy,ai,search,1,0,3,0.25
easy_0161,easy,ai,search,1,0,4,0.2
easy_0161,easy,ai,search,1,0,5,0.05
easy_0162,easy,ai,search,1,0,1,0.475
easy_0162,easy,ai,search,1,0,2,0.3
easy_0162,easy,ai,search,1,0,3,0.125
easy_0162,easy,ai,search,1,0,4,0.1
easy_0162,easy,ai,search,1,0,5,0.075
easy_0163,easy,standard,central,0,1,1,0.325
easy_0163,easy,standard,central,0,1,2,0.275
easy_0163,easy,standard,central,0,1,3,0.15
easy_0163,easy,standard,central,0,1,4,0.075
easy_0163,easy,standard,central,0,1,5,0.075
easy_0164,easy,standard,search,0,0,1,0.35
easy_0164,easy,standard,search,0,0,2,0.2
easy_0164,easy,standard,search,0,0,3,0.275
easy_0164,easy,standard,search,0,0,4,0.15
easy_0164,easy,standard,search,0,0,5,0.15
easy_0165,easy,standard,search,0,0,1,0.175
easy_0165,easy,standard,search,0,0,2,0.2
easy_0165,easy,standard,search,0,0,3,0.2
easy_0165,easy,standard,search,0,0,4,0.1
easy_0165,easy,standard,search,0,0,5,0.1
easy_0166,easy,ai,central,1,1,1,0.35
easy_0166,easy,ai,central,1,1,2,0.2
easy_0166,easy,ai,central,1,1,3,0.225
easy_0166,easy,ai,central,1,1,4,0.2
easy_0166,easy,ai,central,1,1,5,0.075
easy_0167,easy,ai,central,1,1,1,0.3
easy_0167,easy,ai,central,1,1,2,0.225
easy_0167,easy,ai,central,1,1,3,0.1
easy_0167,easy,ai,central,1,1,4,0.175
easy_0167,easy,ai,central,1,1,5,0.175
easy_0168,easy,ai,search,1,0,1,0.45
easy_0168,easy,ai,search,1,0,2,0.125
easy_0168,easy,ai,search,1,0,3,0.15
easy_0168,easy,ai,search,1,0,4,0.125
easy_0168,easy,ai,search,1,0,5,0.1
easy_0169,easy,ai,search,1,0,1,0.325
easy_0169,easy,ai,search,1,0,2,0.225
easy_0169,easy,ai,search,1,0,3,0.175
easy_0169,easy,ai,search,1,0,4,0.15
easy_0169,easy,ai,search,1,0,5,0.1
easy_0170,easy,standard,search,0,0,1,0.375
easy_0170,easy,standard,search,0,0,2,0.15
easy_0170,easy,standard,search,0,0,3,0.2
easy_0170,easy,standard,search,0,0,4,0.225
easy_0170,easy,standard,search,0,0,5,0.075
easy_0171,easy,standard,central,0,1,1,0.375
easy_0171,easy,standard,central,0,1,2,0.225
easy_0171,easy,standard,central,0,1,3,0.2
easy_0171,easy,standard,central,0,1,4,0.15
easy_0171,easy,standard,central,0,1,5,0.15
easy_0172,easy,standard,central,0,1,1,0.275
easy_0172,easy,standard,central,0,1,2,0.275
easy_0172,easy,standard,central,0,1,3,0.05
easy_0172,easy,standard,central,0,1,4,0.15
easy_0172,easy,standard,central,0,1,5,0.05
easy_0173,easy,standard,search,0,0,1,0.35
easy_0173,easy,standard,search,0,0,2,0.275
easy_0173,easy,standard,search,0,0,3,0.2
easy_0173,easy,standard,search,0,0,4,0.125
easy_0173,easy,standard,search,0,0,5,0.1
easy_0174,easy,standard,search,0,0,1,0.25
easy_0174,easy,standard,search,0,0,2,0.2
easy_0174,easy,standard,search,0,0,3,0.225
easy_0174,easy,standard,search,0,0,4,0.125
easy_0174,easy,standard,search,0,0,5,0.075
easy_0175,easy,standard,central,0,1,1,0.35
easy_0175,easy,standard,central,0,1,2,0.275
easy_0175,easy,standard,central,0,1,3,0.2
easy_0175,easy,standard,central,0,1,4,0.125
easy_0175,easy,standard,central,0,1,5,0.15
easy_0176,easy,ai,central,1,1,1,0.325
easy_0176,easy,ai,central,1,1,2,0.35
easy_0176,easy,ai,central,1,1,3,0.175
easy_0176,easy,ai,central,1,1,4,0.15
easy_0176,easy,ai,central,1,1,5,0.15
easy_0177,easy,standard,search,0,0,1,0.2
easy_0177,easy,standard,search,0,0,2,0.15
easy_0177,easy,standard,search,0,0,3,0.1
easy_0177,easy,standard,search,0,0,4,0.125
easy_0177,easy,standard,search,0,0,5,0.1
easy_0178,easy,standard,central,0,1,1,0.275
easy_0178,easy,standard,central,0,1,2,0.175
easy_0178,easy,standard,central,0,1,3,0.2
easy_0178,easy,standard,central,0,1,4,0.15
easy_0178,easy,standard,central,0,1,5,0.075
easy_0179,easy,ai,search,1,0,1,0.35
easy_0179,easy,ai,search,1,0,2,0.225
easy_0179,easy,ai,search,1,0,3,0.175
easy_0179,easy,ai,search,1,0,4,0.1
easy_0179,easy,ai,search,1,0,5,0.2
easy_0180,easy,ai,central,1,1,1,0.25
easy_0180,easy,ai,central,1,1,2,0.225
easy_0180,easy,ai,central,1,1,3,0.1
easy_0180,easy,ai,central,1,1,4,0.175
easy_0180,easy,ai,central,1,1,5,0.125
easy_0181,easy,standard,search,0,0,1,0.425
easy_0181,easy,standard,search,0,0,2,0.25
easy_0181,easy,standard,search,0,0,3,0.175
easy_0181,easy,standard,search,0,0,4,0.275
easy_0181,easy,standard,search,0,0,5,0.125
easy_0182,easy,standard,central,0,1,1,0.35
easy_0182,easy,standard,central,0,1,2,0.225
easy_0182,easy,standard,central,0,1,3,0.1
easy_0182,easy,standard,central,0,1,4,0.2
easy_0182,easy,standard,central,0,1,5,0.125
easy_0183,easy,ai,search,1,0,1,0.25
easy_0183,easy,ai,search,1,0,2,0.225
easy_0183,easy,ai,search,1,0,3,0.15
easy_0183,easy,ai,search,1,0,4,0.125
easy_0183,easy,ai,search,1,0,5,0.1
easy_0184,easy,ai,search,1,0,1,0.45
easy_0184,easy,ai,search,1,0,2,0.375
easy_0184,easy,ai,search,1,0,3,0.125
easy_0184,easy,ai,search,1,0,4,0.25
easy_0184,easy,ai,search,1,0,5,0.1
easy_0185,easy,standard,search,0,0,1,0.4
easy_0185,easy,standard,search,0,0,2,0.375
easy_0185,easy,standard,search,0,0,3,0.175
easy_0185,easy,standard,search,0,0,4,0.125
easy_0185,easy,standard,search,0,0,5,0.075
easy_0186,easy,ai,central,1,1,1,0.45
easy_0186,easy,ai,central,1,1,2,0.225
easy_0186,easy,ai,central,1,1,3,0.15
easy_0186,easy,ai,central,1,1,4,0.25
easy_0186,easy,ai,central,1,1,5,0.25
easy_0187,easy,ai,central,1,1,1,0.45
easy_0187,easy,ai,central,1,1,2,0.275
easy_0187,easy,ai,central,1,1,3,0.275
easy_0187,easy,ai,central,1,1,4,0.175
easy_0187,easy,ai,central,1,1,5,0.15
easy_0188,easy,standard,central,0,1,1,0.25
easy_0188,easy,standard,central,0,1,2,0.225
easy_0188,easy,standard,central,0,1,3,0.175
easy_0188,easy,standard,central,0,1,4,0.1
easy_0188,easy,standard,central,0,1,5,0.075
easy_0189,easy,ai,central,1,1,1,0.275
easy_0189,easy,ai,central,1,1,2,0.25
easy_0189,easy,ai,central,1,1,3,0.275
easy_0189,easy,ai,central,1,1,4,0.15
easy_0189,easy,ai,central,1,1,5,0.05
easy_0190,easy,standard,central,0,1,1,0.425
easy_0190,easy,standard,central,0,1,2,0.325
easy_0190,easy,standard,central,0,1,3,0.1
easy_0190,easy,standard,central,0,1,4,0.2
easy_0190,easy,standard,central,0,1,5,0.15
easy_0191,easy,standard,central,0,1,1,0.3
easy_0191,easy,standard,central,0,1,2,0.275
easy_0191,easy,standard,central,0,1,3,0.05
easy_0191,easy,standard,central,0,1,4,0.075
easy_0191,easy,standard,central,0,1,5,0.1
easy_0192,easy,standard,central,0,1,1,0.275
easy_0192,easy,standard,central,0,1,2,0.2
easy_0192,easy,standard,central,0,1,3,0.3
easy_0192,easy,standard,central,0,1,4,0.125
easy_0192,easy,standard,central,0,1,5,0.15
easy_0193,easy,ai,central,1,1,1,0.3
easy_0193,easy,ai,central,1,1,2,0.15
easy_0193,easy,ai,central,1,1,3,0.325
easy_0193,easy,ai,central,1,1,4,0.175
easy_0193,easy,ai,central,1,1,5,0.2
easy_0194,easy,ai,search,1,0,1,0.425
easy_0194,easy,ai,search,1,0,2,0.175
easy_0194,easy,ai,search,1,0,3,0.15
easy_0194,easy,ai,search,1,0,4,0.125
easy_0194,easy,ai,search,1,0,5,0.15
easy_0195,easy,standard,search,0,0,1,0.1
easy_0195,easy,standard,search,0,0,2,0.2
easy_0195,easy,standard,search,0,0,3,0.175
easy_0195,easy,standard,search,0,0,4,0.15
easy_0195,easy,standard,search,0,0,5,0.1
easy_0196,easy,standard,search,0,0,1,0.375
easy_0196,easy,standard,search,0,0,2,0.3
easy_0196,easy,standard,search,0,0,3,0.25
easy_0196,easy,standard,search,0,0,4,0.2
easy_0196,easy,standard,search,0,0,5,0.175
easy_0197,easy,ai,search,1,0,1,0.375
easy_0197,easy,ai,search,1,0,2,0.325
easy_0197,easy,ai,search,1,0,3,0.25
easy_0197,easy,ai,search,1,0,4,0.225
easy_0197,easy,ai,search,1,0,5,0.05
easy_0198,easy,standard,search,0,0,1,0.425
easy_0198,easy,standard,search,0,0,2,0.15
easy_0198,easy,standard,search,0,0,3,0.175
easy_0198,easy,standard,search,0,0,4,0.2
easy_0198,easy,standard,search,0,0,5,0.05
easy_0199,easy,standard,central,0,1,1,0.25
easy_0199,easy,standard,central,0,1,2,0.175
easy_0199,easy,standard,central,0,1,3,0.25
easy_0199,easy,standard,central,0,1,4,0.1
easy_0199,easy,standard,central,0,1,5,0.075
hard_0000,hard,standard,central,0,1,1,0.4
hard_0000,hard,standard,central,0,1,2,0.175
hard_0000,hard,standard,central,0,1,3,0.15
hard_0000,hard,standard,central,0,1,4,0.15
hard_0000,hard,standard,central,0,1,5,0.125
hard_0001,hard,ai,central,1,1,1,0.225
hard_0001,hard,ai,central,1,1,2,0.125
hard_0001,hard,ai,central,1,1,3,0.175
hard_0001,hard,ai,central,1,1,4,0.15
hard_0001,hard,ai,central,1,1,5,0.175
hard_0002,hard,standard,central,0,1,1,0.225
hard_0002,hard,standard,central,0,1,2,0.175
hard_0002,hard,standard,central,0,1,3,0.125
hard_0002,hard,standard,central,0,1,4,0.125
hard_0002,hard,standard,central,0,1,5,0.1
hard_0003,hard,ai,search,1,0,1,0.45
hard_0003,hard,ai,search,1,0,2,0.225
hard_0003,hard,ai,search,1,0,3,0.15
hard_0003,hard,ai,search,1,0,4,0.2
hard_0003,hard,ai,search,1,0,5,0.15
hard_0004,hard,ai,central,1,1,1,0.275
hard_0004,hard,ai,central,1,1,2,0.275
hard_0004,hard,ai,central,1,1,3,0.125
hard_0004,hard,ai,central,1,1,4,0.075
hard_0004,hard,ai,central,1,1,5,0.15
hard_0005,hard,ai,search,1,0,1,0.35
hard_0005,hard,ai,search,1,0,2,0.15
hard_0005,hard,ai,search,1,0,3,0.075
hard_0005,hard,ai,search,1,0,4,0.225
hard_0005,hard,ai,search,1,0,5,0.175
hard_0006,hard,standard,search,0,0,1,0.275
hard_0006,hard,standard,search,0,0,2,0.275
hard_0006,hard,standard,search,0,0,3,0.25
hard_0006,hard,standard,search,0,0,4,0.15
hard_0006,hard,standard,search,0,0,5,0.1
hard_0007,hard,standard,central,0,1,1,0.4
hard_0007,hard,standard,central,0,1,2,0.15
hard_0007,hard,standard,central,0,1,3,0.1
hard_0007,hard,standard,central,0,1,4,0.15
hard_0007,hard,standard,central,0,1,5,0.05
hard_0008,hard,standard,search,0,0,1,0.3
hard_0008,hard,standard,search,0,0,2,0.2
hard_0008,hard,standard,search,0,0,3,0.175
hard_0008,hard,standard,search,0,0,4,0.05
hard_0008,hard,standard,search,0,0,5,0.1
hard_0009,hard,ai,search,1,0,1,0.325
hard_0009,hard,ai,search,1,0,2,0.2
hard_0009,hard,ai,search,1,0,3,0.2
hard_0009,hard,ai,search,1,0,4,0.125
hard_0009,hard,ai,search,1,0,5,0.125
hard_0010,hard,ai,central,1,1,1,0.25
hard_0010,hard,ai,central,1,1,2,0.175
hard_0010,hard,ai,central,1,1,3,0.175
hard_0010,hard,ai,central,1,1,4,0.075
hard_0010,hard,ai,central,1,1,5,0.15
hard_0011,hard,standard,search,0,0,1,0.45
hard_0011,hard,standard,search,0,0,2,0.2
hard_0011,hard,standard,search,0,0,3,0.15
hard_0011,hard,standard,search,0,0,4,0.125
hard_0011,hard,standard,search,0,0,5,0.05
hard_0012,hard,ai,search,1,0,1,0.3
hard_0012,hard,ai,search,1,0,2,0.2
hard_0012,hard,ai,search,1,0,3,0.125
hard_0012,hard,ai,search,1,0,4,0.1
hard_0012,hard,ai,search,1,0,5,0.1
hard_0013,hard,standard,central,0,1,1,0.325
hard_0013,hard,standard,central,0,1,2,0.225
hard_0013,hard,standard,central,0,1,3,0.125
hard_0013,hard,standard,central,0,1,4,0.2
hard_0013,hard,standard,central,0,1,5,0.125
hard_0014,hard,standard,central,0,1,1,0.175
hard_0014,hard,standard,central,0,1,2,0.125
hard_0014,hard,standard,central,0,1,3,0.225
hard_0014,hard,standard,central,0,1,4,0.2
hard_0014,hard,standard,central,0,1,5,0.125
hard_0015,hard,ai,central,1,1,1,0.375
hard_0015,hard,ai,central,1,1,2,0.325
hard_0015,hard,ai,central,1,1,3,0.25
hard_0015,hard,ai,central,1,1,4,0.225
hard_0015,hard,ai,central,1,1,5,0.175
hard_0016,hard,ai,central,1,1,1,0.275
hard_0016,hard,ai,central,1,1,2,0.225
hard_0016,hard,ai,central,1,1,3,0.3
hard_0016,hard,ai,central,1,1,4,0.275
hard_0016,hard,ai,central,1,1,5,0.175
hard_0017,hard,ai,central,1,1,1,0.325
hard_0017,hard,ai,central,1,1,2,0.275
hard_0017,hard,ai,central,1,1,3,0.125
hard_0017,hard,ai,central,1,1,4,0.125
hard_0017,hard,ai,central,1,1,5,0.15
hard_0018,hard,standard,central,0,1,1,0.275
hard_0018,hard,standard,central,0,1,2,0.175
hard_0018,hard,standard,central,0,1,3,0.275
hard_0018,hard,standard,central,0,1,4,0.125
hard_0018,hard,standard,central,0,1,5,0.05
hard_0019,hard,ai,search,1,0,1,0.325
hard_0019,hard,ai,search,1,0,2,0.225
hard_0019,hard,ai,search,1,0,3,0.075
hard_0019,hard,ai,search,1,0,4,0.125
hard_0019,hard,ai,search,1,0,5,0.15
hard_0020,hard,standard,central,0,1,1,0.4
hard_0020,hard,standard,central,0,1,2,0.175
hard_0020,hard,standard,central,0,1,3,0.2
hard_0020,hard,standard,central,0,1,4,0.1
hard_0020,hard,standard,central,0,1,5,0.075
hard_0021,hard,standard,central,0,1,1,0.45
hard_0021,hard,standard,central,0,1,2,0.15
hard_0021,hard,standard,central,0,1,3,0.15
hard_0021,hard,standard,central,0,1,4,0.05
hard_0021,hard,standard,central,0,1,5,0.15
hard_0022,hard,ai,central,1,1,1,0.3
hard_0022,hard,ai,central,1,1,2,0.25
hard_0022,hard,ai,central,1,1,3,0.225
hard_0022,hard,ai,central,1,1,4,0.075
hard_0022,hard,ai,central,1,1,5,0.1
hard_0023,hard,standard,search,0,0,1,0.275
hard_0023,hard,standard,search,0,0,2,0.15
hard_0023,hard,standard,search,0,0,3,0.15
hard_0023,hard,standard,search,0,0,4,0.075
hard_0023,hard,standard,search,0,0,5,0.1
hard_0024,hard,standard,search,0,0,1,0.425
hard_0024,hard,standard,search,0,0,2,0.275
hard_0024,hard,standard,search,0,0,3,0.2
hard_0024,hard,standard,search,0,0,4,0.125
hard_0024,hard,standard,search,0,0,5,0.05
hard_0025,hard,standard,search,0,0,1,0.325
hard_0025,hard,standard,search,0,0,2,0.25
hard_0025,hard,standard,search,0,0,3,0.25
hard_0025,hard,standard,search,0,0,4,0.2
hard_0025,hard,standard,search,0,0,5,0.125
hard_0026,hard,standard,search,0,0,1,0.225
hard_0026,hard,standard,search,0,0,2,0.125
hard_0026,hard,standard,search,0,0,3,0.15
hard_0026,hard,standard,search,0,0,4,0.125
hard_0026,hard,standard,search,0,0,5,0.1
hard_0027,hard,standard,central,0,1,1,0.25
hard_0027,hard,standard,central,0,1,2,0.175
hard_0027,hard,standard,central,0,1,3,0.125
hard_0027,hard,standard,central,0,1,4,0.025
hard_0027,hard,standard,central,0,1,5,0.1
hard_0028,hard,ai,search,1,0,1,0.325
hard_0028,hard,ai,search,1,0,2,0.35
hard_0028,hard,ai,search,1,0,3,0.225
hard_0028,hard,ai,search,1,0,4,0.025
hard_0028,hard,ai,search,1,0,5,0.075
hard_0029,hard,ai,central,1,1,1,0.3
hard_0029,hard,ai,central,1,1,2,0.125
hard_0029,hard,ai,central,1,1,3,0.2
hard_0029,hard,ai,central,1,1,4,0.125
hard_0029,hard,ai,central,1,1,5,0.2
hard_0030,hard,standard,central,0,1,1,0.325
hard_0030,hard,standard,central,0,1,2,0.175
hard_0030,hard,standard,central,0,1,3,0.125
hard_0030,hard,standard,central,0,1,4,0.175
hard_0030,hard,standard,central,0,1,5,0.025
hard_0031,hard,ai,central,1,1,1,0.25
hard_0031,hard,ai,central,1,1,2,0.3
hard_0031,hard,ai,central,1,1,3,0.225
hard_0031,hard,ai,central,1,1,4,0.15
hard_0031,hard,ai,central,1,1,5,0.075
hard_0032,hard,standard,search,0,0,1,0.325
hard_0032,hard,standard,search,0,0,2,0.1
hard_0032,hard,standard,search,0,0,3,0.325
hard_0032,hard,standard,search,0,0,4,0.175
hard_0032,hard,standard,search,0,0,5,0.1
hard_0033,hard,ai,search,1,0,1,0.25
hard_0033,hard,ai,search,1,0,2,0.3
hard_0033,hard,ai,search,1,0,3,0.125
hard_0033,hard,ai,search,1,0,4,0.15
hard_0033,hard,ai,search,1,0,5,0.125
hard_0034,hard,standard,central,0,1,1,0.35
hard_0034,hard,standard,central,0,1,2,0.175
hard_0034,hard,standard,central,0,1,3,0.125
hard_0034,hard,standard,central,0,1,4,0.15
hard_0034,hard,standard,central,0,1,5,0.175
hard_0035,hard,standard,central,0,1,1,0.35
hard_0035,hard,standard,central,0,1,2,0.175
hard_0035,hard,standard,central,0,1,3,0.175
hard_0035,hard,standard,central,0,1,4,0.15
hard_0035,hard,standard,central,0,1,5,0.15
hard_0036,hard,ai,central,1,1,1,0.175
hard_0036,hard,ai,central,1,1,2,0.325
hard_0036,hard,ai,central,1,1,3,0.3
hard_0036,hard,ai,central,1,1,4,0.075
hard_0036,hard,ai,central,1,1,5,0.175
hard_0037,hard,ai,search,1,0,1,0.325
hard_0037,hard,ai,search,1,0,2,0.25
hard_0037,hard,ai,search,1,0,3,0.125
hard_0037,hard,ai,search,1,0,4,0.2
hard_0037,hard,ai,search,1,0,5,0.075
hard_0038,hard,ai,search,1,0,1,0.3
hard_0038,hard,ai,search,1,0,2,0.325
hard_0038,hard,ai,search,1,0,3,0.225
hard_0038,hard,ai,search,1,0,4,0.125
hard_0038,hard,ai,search,1,0,5,0.225
hard_0039,hard,ai,central,1,1,1,0.35
hard_0039,hard,ai,central,1,1,2,0.175
hard_0039,hard,ai,central,1,1,3,0.175
hard_0039,hard,ai,central,1,1,4,0.125
hard_0039,hard,ai,central,1,1,5,0.15
hard_0040,hard,standard,search,0,0,1,0.4
hard_0040,hard,standard,search,0,0,2,0.175
hard_0040,hard,standard,search,0,0,3,0.25
hard_0040,hard,standard,search,0,0,4,0.075
hard_0040,hard,standard,search,0,0,5,0.075
hard_0041,hard,standard,central,0,1,1,0.4
hard_0041,hard,standard,central,0,1,2,0.225
hard_0041,hard,standard,central,0,1,3,0.1
hard_0041,hard,standard,central,0,1,4,0.2
hard_0041,hard,standard,central,0,1,5,0.0
hard_0042,hard,ai,search,1,0,1,0.25
hard_0042,hard,ai,search,1,0,2,0.2
hard_0042,hard,ai,search,1,0,3,0.2
hard_0042,hard,ai,search,1,0,4,0.225
hard_0042,hard,ai,search,1,0,5,0.125
hard_0043,hard,ai,central,1,1,1,0.35
hard_0043,hard,ai,central,1,1,2,0.275
hard_0043,hard,ai,central,1,1,3,0.225
hard_0043,hard,ai,central,1,1,4,0.125
hard_0043,hard,ai,central,1,1,5,0.15
hard_0044,hard,ai,central,1,1,1,0.35
hard_0044,hard,ai,central,1,1,2,0.15
hard_0044,hard,ai,central,1,1,3,0.1
hard_0044,hard,ai,central,1,1,4,0.175
hard_0044,hard,ai,central,1,1,5,0.15
hard_0045,hard,ai,search,1,0,1,0.4
hard_0045,hard,ai,search,1,0,2,0.225
hard_0045,hard,ai,search,1,0,3,0.25
hard_0045,hard,ai,search,1,0,4,0.05
hard_0045,hard,ai,search,1,0,5,0.1
hard_0046,hard,standard,central,0,1,1,0.275
hard_0046,hard,standard,central,0,1,2,0.15
hard_0046,hard,standard,central,0,1,3,0.175
hard_0046,hard,standard,central,0,1,4,0.15
hard_0046,hard,standard,central,0,1,5,0.075
hard_0047,hard,standard,central,0,1,1,0.2
hard_0047,hard,standard,central,0,1,2,0.175
hard_0047,hard,standard,central,0,1,3,0.225
hard_0047,hard,standard,central,0,1,4,0.15
hard_0047,hard,standard,central,0,1,5,0.1
hard_0048,hard,ai,central,1,1,1,0.325
hard_0048,hard,ai,central,1,1,2,0.325
hard_0048,hard,ai,central,1,1,3,0.2
hard_0048,hard,ai,central,1,1,4,0.075
hard_0048,hard,ai,central,1,1,5,0.025
hard_0049,hard,ai,search,1,0,1,0.375
hard_0049,hard,ai,search,1,0,2,0.225
hard_0049,hard,ai,search,1,0,3,0.15
hard_0049,hard,ai,search,1,0,4,0.15
hard_0049,hard,ai,search,1,0,5,0.15
hard_0050,hard,standard,search,0,0,1,0.35
hard_0050,hard,standard,search,0,0,2,0.25
hard_0050,hard,standard,search,0,0,3,0.125
hard_0050,hard,standard,search,0,0,4,0.15
hard_0050,hard,standard,search,0,0,5,0.175
hard_0051,hard,standard,central,0,1,1,0.225
hard_0051,hard,standard,central,0,1,2,0.275
hard_0051,hard,standard,central,0,1,3,0.2
hard_0051,hard,standard,central,0,1,4,0.125
hard_0051,hard,standard,central,0,1,5,0.05
hard_0052,hard,standard,search,0,0,1,0.275
hard_0052,hard,standard,search,0,0,2,0.4
hard_0052,hard,standard,search,0,0,3,0.25
hard_0052,hard,standard,search,0,0,4,0.15
hard_0052,hard,standard,search,0,0,5,0.15
hard_0053,hard,ai,central,1,1,1,0.4
hard_0053,hard,ai,central,1,1,2,0.25
hard_0053,hard,ai,central,1,1,3,0.15
hard_0053,hard,ai,central,1,1,4,0.125
hard_0053,hard,ai,central,1,1,5,0.125
hard_0054,hard,ai,central,1,1,1,0.175
hard_0054,hard,ai,central,1,1,2,0.225
hard_0054,hard,ai,central,1,1,3,0.175
hard_0054,hard,ai,central,1,1,4,0.125
hard_0054,hard,ai,central,1,1,5,0.175
hard_0055,hard,ai,search,1,0,1,0.275
hard_0055,hard,ai,search,1,0,2,0.275
hard_0055,hard,ai,search,1,0,3,0.125
hard_0055,hard,ai,search,1,0,4,0.0
hard_0055,hard,ai,search,1,0,5,0.225
hard_0056,hard,standard,central,0,1,1,0.3
hard_0056,hard,standard,central,0,1,2,0.225
hard_0056,hard,standard,central,0,1,3,0.275
hard_0056,hard,standard,central,0,1,4,0.05
hard_0056,hard,standard,central,0,1,5,0.075
hard_0057,hard,standard,central,0,1,1,0.275
hard_0057,hard,standard,central,0,1,2,0.275
hard_0057,hard,standard,central,0,1,3,0.15
hard_0057,hard,standard,central,0,1,4,0.05
hard_0057,hard,standard,central,0,1,5,0.0
hard_0058,hard,standard,search,0,0,1,0.35
hard_0058,hard,standard,search,0,0,2,0.25
hard_0058,hard,standard,search,0,0,3,0.175
hard_0058,hard,standard,search,0,0,4,0.175
hard_0058,hard,standard,search,0,0,5,0.125
hard_0059,hard,standard,central,0,1,1,0.4
hard_0059,hard,standard,central,0,1,2,0.275
hard_0059,hard,standard,central,0,1,3,0.175
hard_0059,hard,standard,central,0,1,4,0.125
hard_0059,hard,standard,central,0,1,5,0.075
hard_0060,hard,standard,search,0,0,1,0.25
hard_0060,hard,standard,search,0,0,2,0.225
hard_0060,hard,standard,search,0,0,3,0.2
hard_0060,hard,standard,search,0,0,4,0.1
hard_0060,hard,standard,search,0,0,5,0.1
hard_0061,hard,standard,central,0,1,1,0.275
hard_0061,hard,standard,central,0,1,2,0.175
hard_0061,hard,standard,central,0,1,3,0.3
hard_0061,hard,standard,central,0,1,4,0.125
hard_0061,hard,standard,central,0,1,5,0.1
hard_0062,hard,standard,search,0,0,1,0.35
hard_0062,hard,standard,search,0,0,2,0.175
hard_0062,hard,standard,search,0,0,3,0.175
hard_0062,hard,standard,search,0,0,4,0.175
hard_0062,hard,standard,search,0,0,5,0.1
hard_0063,hard,ai,central,1,1,1,0.15
hard_0063,hard,ai,central,1,1,2,0.15
hard_0063,hard,ai,central,1,1,3,0.225
hard_0063,hard,ai,central,1,1,4,0.15
hard_0063,hard,ai,central,1,1,5,0.15
hard_0064,hard,ai,search,1,0,1,0.45
hard_0064,hard,ai,search,1,0,2,0.225
hard_0064,hard,ai,search,1,0,3,0.25
hard_0064,hard,ai,search,1,0,4,0.2
hard_0064,hard,ai,search,1,0,5,0.1
hard_0065,hard,ai,search,1,0,1,0.3
hard_0065,hard,ai,search,1,0,2,0.175
hard_0065,hard,ai,search,1,0,3,0.125
hard_0065,hard,ai,search,1,0,4,0.15
hard_0065,hard,ai,search,1,0,5,0.125
hard_0066,hard,ai,central,1,1,1,0.275
hard_0066,hard,ai,central,1,1,2,0.225
hard_0066,hard,ai,central,1,1,3,0.2
hard_0066,hard,ai,central,1,1,4,0.175
hard_0066,hard,ai,central,1,1,5,0.075
hard_0067,hard,standard,central,0,1,1,0.2
hard_0067,hard,standard,central,0,1,2,0.25
hard_0067,hard,standard,central,0,1,3,0.1
hard_0067,hard,standard,central,0,1,4,0.1
hard_0067,hard,standard,central,0,1,5,0.1
hard_0068,hard,ai,central,1,1,1,0.375
hard_0068,hard,ai,central,1,1,2,0.325
hard_0068,hard,ai,central,1,1,3,0.275
hard_0068,hard,ai,central,1,1,4,0.15
hard_0068,hard,ai,central,1,1,5,0.15
hard_0069,hard,standard,search,0,0,1,0.3
hard_0069,hard,standard,search,0,0,2,0.175
hard_0069,hard,standard,search,0,0,3,0.175
hard_0069,hard,standard,search,0,0,4,0.2
hard_0069,hard,standard,search,0,0,5,0.175
hard_0070,hard,ai,search,1,0,1,0.325
hard_0070,hard,ai,search,1,0,2,0.25
hard_0070,hard,ai,search,1,0,3,0.275
hard_0070,hard,ai,search,1,0,4,0.1
hard_0070,hard,ai,search,1,0,5,0.1
hard_0071,hard,standard,search,0,0,1,0.325
hard_0071,hard,standard,search,0,0,2,0.325
hard_0071,hard,standard,search,0,0,3,0.225
hard_0071,hard,standard,search,0,0,4,0.05
hard_0071,hard,standard,search,0,0,5,0.175
hard_0072,hard,ai,search,1,0,1,0.35
hard_0072,hard,ai,search,1,0,2,0.25
hard_0072,hard,ai,search,1,0,3,0.325
hard_0072,hard,ai,search,1,0,4,0.125
hard_0072,hard,ai,search,1,0,5,0.175
hard_0073,hard,standard,search,0,0,1,0.4
hard_0073,hard,standard,search,0,0,2,0.225
hard_0073,hard,standard,search,0,0,3,0.15
hard_0073,hard,standard,search,0,0,4,0.025
hard_0073,hard,standard,search,0,0,5,0.175
hard_0074,hard,standard,search,0,0,1,0.225
hard_0074,hard,standard,search,0,0,2,0.3
hard_0074,hard,standard,search,0,0,3,0.225
hard_0074,hard,standard,search,0,0,4,0.175
hard_0074,hard,standard,search,0,0,5,0.075
hard_0075,hard,ai,central,1,1,1,0.275
hard_0075,hard,ai,central,1,1,2,0.175
hard_0075,hard,ai,central,1,1,3,0.175
hard_0075,hard,ai,central,1,1,4,0.25
hard_0075,hard,ai,central,1,1,5,0.075
hard_0076,hard,standard,search,0,0,1,0.45
hard_0076,hard,standard,search,0,0,2,0.375
hard_0076,hard,standard,search,0,0,3,0.075
hard_0076,hard,standard,search,0,0,4,0.15
hard_0076,hard,standard,search,0,0,5,0.15
hard_0077,hard,standard,search,0,0,1,0.175
hard_0077,hard,standard,search,0,0,2,0.15
hard_0077,hard,standard,search,0,0,3,0.25
hard_0077,hard,standard,search,0,0,4,0.1
hard_0077,hard,standard,search,0,0,5,0.15
hard_0078,hard,standard,search,0,0,1,0.3
hard_0078,hard,standard,search,0,0,2,0.3
hard_0078,hard,standard,search,0,0,3,0.175
hard_0078,hard,standard,search,0,0,4,0.1
hard_0078,hard,standard,search,0,0,5,0.075
hard_0079,hard,standard,search,0,0,1,0.225
hard_0079,hard,standard,search,0,0,2,0.275
hard_0079,hard,standard,search,0,0,3,0.15
hard_0079,hard,standard,search,0,0,4,0.1
hard_0079,hard,standard,search,0,0,5,0.125
hard_0080,hard,ai,central,1,1,1,0.375
hard_0080,hard,ai,central,1,1,2,0.225
hard_0080,hard,ai,central,1,1,3,0.125
hard_0080,hard,ai,central,1,1,4,0.15
hard_0080,hard,ai,central,1,1,5,0.1
hard_0081,hard,standard,central,0,1,1,0.275
hard_0081,hard,standard,central,0,1,2,0.25
hard_0081,hard,standard,central,0,1,3,0.15
hard_0081,hard,standard,central,0,1,4,0.125
hard_0081,hard,standard,central,0,1,5,0.2
hard_0082,hard,ai,search,1,0,1,0.45
hard_0082,hard,ai,search,1,0,2,0.225
hard_0082,hard,ai,search,1,0,3,0.3
hard_0082,hard,ai,search,1,0,4,0.225
hard_0082,hard,ai,search,1,0,5,0.2
hard_0083,hard,ai,search,1,0,1,0.3
hard_0083,hard,ai,search,1,0,2,0.175
hard_0083,hard,ai,search,1,0,3,0.075
hard_0083,hard,ai,search,1,0,4,0.175
hard_0083,hard,ai,search,1,0,5,0.1
hard_0084,hard,standard,central,0,1,1,0.325
hard_0084,hard,standard,central,0,1,2,0.175
hard_0084,hard,standard,central,0,1,3,0.2
hard_0084,hard,standard,central,0,1,4,0.15
hard_0084,hard,standard,central,0,1,5,0.075
hard_0085,hard,standard,search,0,0,1,0.15
hard_0085,hard,standard,search,0,0,2,0.125
hard_0085,hard,standard,search,0,0,3,0.15
hard_0085,hard,standard,search,0,0,4,0.15
hard_0085,hard,standard,search,0,0,5,0.075
hard_0086,hard,standard,search,0,0,1,0.45
hard_0086,hard,standard,search,0,0,2,0.175
hard_0086,hard,standard,search,0,0,3,0.15
hard_0086,hard,standard,search,0,0,4,0.25
hard_0086,hard,standard,search,0,0,5,0.225
hard_0087,hard,standard,central,0,1,1,0.225
hard_0087,hard,standard,central,0,1,2,0.3
hard_0087,hard,standard,central,0,1,3,0.125
hard_0087,hard,standard,central,0,1,4,0.2
hard_0087,hard,standard,central,0,1,5,0.15
hard_0088,hard,standard,central,0,1,1,0.3
hard_0088,hard,standard,central,0,1,2,0.175
hard_0088,hard,standard,central,0,1,3,0.15
hard_0088,hard,standard,central,0,1,4,0.025
hard_0088,hard,standard,central,0,1,5,0.2
hard_0089,hard,ai,central,1,1,1,0.2
hard_0089,hard,ai,central,1,1,2,0.2
hard_0089,hard,ai,central,1,1,3,0.275
hard_0089,hard,ai,central,1,1,4,0.125
hard_0089,hard,ai,central,1,1,5,0.125
hard_0090,hard,standard,search,0,0,1,0.35
hard_0090,hard,standard,search,0,0,2,0.225
hard_0090,hard,standard,search,0,0,3,0.15
hard_0090,hard,standard,search,0,0,4,0.175
hard_0090,hard,standard,search,0,0,5,0.125
hard_0091,hard,standard,search,0,0,1,0.35
hard_0091,hard,standard,search,0,0,2,0.15
hard_0091,hard,standard,search,0,0,3,0.075
hard_0091,hard,standard,search,0,0,4,0.075
hard_0091,hard,standard,search,0,0,5,0.05
hard_0092,hard,standard,search,0,0,1,0.175
hard_0092,hard,standard,search,0,0,2,0.35
hard_0092,hard,standard,search,0,0,3,0.15
hard_0092,hard,standard,search,0,0,4,0.175
hard_0092,hard,standard,search,0,0,5,0.225
hard_0093,hard,ai,search,1,0,1,0.35
hard_0093,hard,ai,search,1,0,2,0.2
hard_0093,hard,ai,search,1,0,3,0.15
hard_0093,hard,ai,search,1,0,4,0.1
hard_0093,hard,ai,search,1,0,5,0.15
hard_0094,hard,ai,search,1,0,1,0.375
hard_0094,hard,ai,search,1,0,2,0.175
hard_0094,hard,ai,search,1,0,3,0.25
hard_0094,hard,ai,search,1,0,4,0.225
hard_0094,hard,ai,search,1,0,5,0.125
hard_0095,hard,ai,central,1,1,1,0.3
hard_0095,hard,ai,central,1,1,2,0.2
hard_0095,hard,ai,central,1,1,3,0.25
hard_0095,hard,ai,central,1,1,4,0.225
hard_0095,hard,ai,central,1,1,5,0.125
hard_0096,hard,ai,search,1,0,1,0.425
hard_0096,hard,ai,search,1,0,2,0.3
hard_0096,hard,ai,search,1,0,3,0.175
hard_0096,hard,ai,search,1,0,4,0.225
hard_0096,hard,ai,search,1,0,5,0.225
hard_0097,hard,standard,search,0,0,1,0.225
hard_0097,hard,standard,search,0,0,2,0.125
hard_0097,hard,standard,search,0,0,3,0.275
hard_0097,hard,standard,search,0,0,4,0.15
hard_0097,hard,standard,search,0,0,5,0.2
hard_0098,hard,ai,search,1,0,1,0.25
hard_0098,hard,ai,search,1,0,2,0.375
hard_0098,hard,ai,search,1,0,3,0.175
hard_0098,hard,ai,search,1,0,4,0.125
hard_0098,hard,ai,search,1,0,5,0.2
hard_0099,hard,ai,search,1,0,1,0.375
hard_0099,hard,ai,search,1,0,2,0.175
hard_0099,hard,ai,search,1,0,3,0.2
hard_0099,hard,ai,search,1,0,4,0.125
hard_0099,hard,ai,search,1,0,5,0.075
hard_0100,hard,ai,central,1,1,1,0.3
hard_0100,hard,ai,central,1,1,2,0.275
hard_0100,hard,ai,central,1,1,3,0.175
hard_0100,hard,ai,central,1,1,4,0.15
hard_0100,hard,ai,central,1,1,5,0.175
hard_0101,hard,standard,central,0,1,1,0.4
hard_0101,hard,standard,central,0,1,2,0.1
hard_0101,hard,standard,central,0,1,3,0.225
hard_0101,hard,standard,central,0,1,4,0.2
hard_0101,hard,standard,central,0,1,5,0.15
hard_0102,hard,ai,search,1,0,1,0.375
hard_0102,hard,ai,search,1,0,2,0.15
hard_0102,hard,ai,search,1,0,3,0.3
hard_0102,hard,ai,search,1,0,4,0.25
hard_0102,hard,ai,search,1,0,5,0.05
hard_0103,hard,ai,search,1,0,1,0.325
hard_0103,hard,ai,search,1,0,2,0.25
hard_0103,hard,ai,search,1,0,3,0.175
hard_0103,hard,ai,search,1,0,4,0.3
hard_0103,hard,ai,search,1,0,5,0.05
hard_0104,hard,standard,central,0,1,1,0.375
hard_0104,hard,standard,central,0,1,2,0.175
hard_0104,hard,standard,central,0,1,3,0.05
hard_0104,hard,standard,central,0,1,4,0.125
hard_0104,hard,standard,central,0,1,5,0.075
hard_0105,hard,ai,search,1,0,1,0.3
hard_0105,hard,ai,search,1,0,2,0.3
hard_0105,hard,ai,search,1,0,3,0.275
hard_0105,hard,ai,search,1,0,4,0.15
hard_0105,hard,ai,search,1,0,5,0.125
hard_0106,hard,ai,central,1,1,1,0.25
hard_0106,hard,ai,central,1,1,2,0.15
hard_0106,hard,ai,central,1,1,3,0.275
hard_0106,hard,ai,central,1,1,4,0.15
hard_0106,hard,ai,central,1,1,5,0.175
hard_0107,hard,standard,search,0,0,1,0.3
hard_0107,hard,standard,search,0,0,2,0.25
hard_0107,hard,standard,search,0,0,3,0.225
hard_0107,hard,standard,search,0,0,4,0.175
hard_0107,hard,standard,search,0,0,5,0.175
hard_0108,hard,standard,central,0,1,1,0.375
hard_0108,hard,standard,central,0,1,2,0.225
hard_0108,hard,standard,central,0,1,3,0.275
hard_0108,hard,standard,central,0,1,4,0.125
hard_0108,hard,standard,central,0,1,5,0.075
hard_0109,hard,ai,central,1,1,1,0.275
hard_0109,hard,ai,central,1,1,2,0.15
hard_0109,hard,ai,central,1,1,3,0.35
hard_0109,hard,ai,central,1,1,4,0.225
hard_0109,hard,ai,central,1,1,5,0.25
hard_0110,hard,standard,central,0,1,1,0.325
hard_0110,hard,standard,central,0,1,2,0.2
hard_0110,hard,standard,central,0,1,3,0.125
hard_0110,hard,standard,central,0,1,4,0.1
hard_0110,hard,standard,central,0,1,5,0.1
hard_0111,hard,standard,search,0,0,1,0.4
hard_0111,hard,standard,search,0,0,2,0.15
hard_0111,hard,standard,search,0,0,3,0.15
hard_0111,hard,standard,search,0,0,4,0.175
hard_0111,hard,standard,search,0,0,5,0.125
hard_0112,hard,standard,central,0,1,1,0.45
hard_0112,hard,standard,central,0,1,2,0.125
hard_0112,hard,standard,central,0,1,3,0.15
hard_0112,hard,standard,central,0,1,4,0.15
hard_0112,hard,standard,central,0,1,5,0.025
hard_0113,hard,standard,search,0,0,1,0.125
hard_0113,hard,standard,search,0,0,2,0.125
hard_0113,hard,standard,search,0,0,3,0.15
hard_0113,hard,standard,search,0,0,4,0.125
hard_0113,hard,standard,search,0,0,5,0.125
hard_0114,hard,standard,central,0,1,1,0.3
hard_0114,hard,standard,central,0,1,2,0.2
hard_0114,hard,standard,central,0,1,3,0.25
hard_0114,hard,standard,central,0,1,4,0.175
hard_0114,hard,standard,central,0,1,5,0.05
hard_0115,hard,standard,central,0,1,1,0.325
hard_0115,hard,standard,central,0,1,2,0.25
hard_0115,hard,standard,central,0,1,3,0.2
hard_0115,hard,standard,central,0,1,4,0.175
hard_0115,hard,standard,central,0,1,5,0.125
hard_0116,hard,ai,central,1,1,1,0.35
hard_0116,hard,ai,central,1,1,2,0.175
hard_0116,hard,ai,central,1,1,3,0.175
hard_0116,hard,ai,central,1,1,4,0.1
hard_0116,hard,ai,central,1,1,5,0.2
hard_0117,hard,ai,central,1,1,1,0.375
hard_0117,hard,ai,central,1,1,2,0.225
hard_0117,hard,ai,central,1,1,3,0.275
hard_0117,hard,ai,central,1,1,4,0.2
hard_0117,hard,ai,central,1,1,5,0.2
hard_0118,hard,ai,central,1,1,1,0.35
hard_0118,hard,ai,central,1,1,2,0.25
hard_0118,hard,ai,central,1,1,3,0.35
hard_0118,hard,ai,central,1,1,4,0.15
hard_0118,hard,ai,central,1,1,5,0.15
hard_0119,hard,ai,search,1,0,1,0.325
hard_0119,hard,ai,search,1,0,2,0.3
hard_0119,hard,ai,search,1,0,3,0.225
hard_0119,hard,ai,search,1,0,4,0.125
hard_0119,hard,ai,search,1,0,5,0.225
hard_0120,hard,standard,search,0,0,1,0.5
hard_0120,hard,standard,search,0,0,2,0.2
hard_0120,hard,standard,search,0,0,3,0.3
hard_0120,hard,standard,search,0,0,4,0.125
hard_0120,hard,standard,search,0,0,5,0.125
hard_0121,hard,standard,search,0,0,1,0.225
hard_0121,hard,standard,search,0,0,2,0.25
hard_0121,hard,standard,search,0,0,3,0.05
hard_0121,hard,standard,search,0,0,4,0.125
hard_0121,hard,standard,search,0,0,5,0.125
hard_0122,hard,standard,search,0,0,1,0.275
hard_0122,hard,standard,search,0,0,2,0.15
hard_0122,hard,standard,search,0,0,3,0.175
hard_0122,hard,standard,search,0,0,4,0.15
hard_0122,hard,standard,search,0,0,5,0.1
hard_0123,hard,ai,central,1,1,1,0.325
hard_0123,hard,ai,central,1,1,2,0.275
hard_0123,hard,ai,central,1,1,3,0.175
hard_0123,hard,ai,central,1,1,4,0.175
hard_0123,hard,ai,central,1,1,5,0.2
hard_0124,hard,standard,central,0,1,1,0.275
hard_0124,hard,standard,central,0,1,2,0.225
hard_0124,hard,standard,central,0,1,3,0.225
hard_0124,hard,standard,central,0,1,4,0.125
hard_0124,hard,standard,central,0,1,5,0.1
hard_0125,hard,standard,search,0,0,1,0.35
hard_0125,hard,standard,search,0,0,2,0.15
hard_0125,hard,standard,search,0,0,3,0.125
hard_0125,hard,standard,search,0,0,4,0.175
hard_0125,hard,standard,search,0,0,5,0.2
hard_0126,hard,standard,central,0,1,1,0.35
hard_0126,hard,standard,central,0,1,2,0.2
hard_0126,hard,standard,central,0,1,3,0.1
hard_0126,hard,standard,central,0,1,4,0.275
hard_0126,hard,standard,central,0,1,5,0.05
hard_0127,hard,standard,search,0,0,1,0.225
hard_0127,hard,standard,search,0,0,2,0.15
hard_0127,hard,standard,search,0,0,3,0.2
hard_0127,hard,standard,search,0,0,4,0.15
hard_0127,hard,standard,search,0,0,5,0.15
hard_0128,hard,ai,search,1,0,1,0.3
hard_0128,hard,ai,search,1,0,2,0.35
hard_0128,hard,ai,search,1,0,3,0.125
hard_0128,hard,ai,search,1,0,4,0.275
hard_0128,hard,ai,search,1,0,5,0.15
hard_0129,hard,standard,central,0,1,1,0.225
hard_0129,hard,standard,central,0,1,2,0.225
hard_0129,hard,standard,central,0,1,3,0.1
hard_0129,hard,standard,central,0,1,4,0.175
hard_0129,hard,standard,central,0,1,5,0.075
hard_0130,hard,ai,search,1,0,1,0.3
hard_0130,hard,ai,search,1,0,2,0.425
hard_0130,hard,ai,search,1,0,3,0.15
hard_0130,hard,ai,search,1,0,4,0.125
hard_0130,hard,ai,search,1,0,5,0.075
hard_0131,hard,standard,central,0,1,1,0.25
hard_0131,hard,standard,central,0,1,2,0.15
hard_0131,hard,standard,central,0,1,3,0.2
hard_0131,hard,standard,central,0,1,4,0.175
hard_0131,hard,standard,central,0,1,5,0.075
hard_0132,hard,standard,search,0,0,1,0.4
hard_0132,hard,standard,search,0,0,2,0.25
hard_0132,hard,standard,search,0,0,3,0.325
hard_0132,hard,standard,search,0,0,4,0.175
hard_0132,hard,standard,search,0,0,5,0.1
hard_0133,hard,ai,search,1,0,1,0.375
hard_0133,hard,ai,search,1,0,2,0.125
hard_0133,hard,ai,search,1,0,3,0.125
hard_0133,hard,ai,search,1,0,4,0.2
hard_0133,hard,ai,search,1,0,5,0.125
hard_0134,hard,ai,central,1,1,1,0.35
hard_0134,hard,ai,central,1,1,2,0.175
hard_0134,hard,ai,central,1,1,3,0.25
hard_0134,hard,ai,central,1,1,4,0.275
hard_0134,hard,ai,central,1,1,5,0.2
hard_0135,hard,standard,central,0,1,1,0.375
hard_0135,hard,standard,central,0,1,2,0.25
hard_0135,hard,standard,central,0,1,3,0.225
hard_0135,hard,standard,central,0,1,4,0.125
hard_0135,hard,standard,central,0,1,5,0.175
hard_0136,hard,ai,central,1,1,1,0.225
hard_0136,hard,ai,central,1,1,2,0.275
hard_0136,hard,ai,central,1,1,3,0.15
hard_0136,hard,ai,central,1,1,4,0.25
hard_0136,hard,ai,central,1,1,5,0.15
hard_0137,hard,standard,search,0,0,1,0.325
hard_0137,hard,standard,search,0,0,2,0.275
hard_0137,hard,standard,search,0,0,3,0.05
hard_0137,hard,standard,search,0,0,4,0.225
hard_0137,hard,standard,search,0,0,5,0.075
hard_0138,hard,standard,search,0,0,1,0.2
hard_0138,hard,standard,search,0,0,2,0.275
hard_0138,hard,standard,search,0,0,3,0.2
hard_0138,hard,standard,search,0,0,4,0.175
hard_0138,hard,standard,search,0,0,5,0.25
hard_0139,hard,ai,central,1,1,1,0.275
hard_0139,hard,ai,central,1,1,2,0.275
hard_0139,hard,ai,central,1,1,3,0.2
hard_0139,hard,ai,central,1,1,4,0.15
hard_0139,hard,ai,central,1,1,5,0.125
hard_0140,hard,ai,central,1,1,1,0.375
hard_0140,hard,ai,central,1,1,2,0.2
hard_0140,hard,ai,central,1,1,3,0.15
hard_0140,hard,ai,central,1,1,4,0.175
hard_0140,hard,ai,central,1,1,5,0.1
hard_0141,hard,ai,search,1,0,1,0.5
hard_0141,hard,ai,search,1,0,2,0.175
hard_0141,hard,ai,search,1,0,3,0.125
hard_0141,hard,ai,search,1,0,4,0.125
hard_0141,hard,ai,search,1,0,5,0.15
hard_0142,hard,standard,search,0,0,1,0.175
hard_0142,hard,standard,search,0,0,2,0.25
hard_0142,hard,standard,search,0,0,3,0.1
hard_0142,hard,standard,search,0,0,4,0.075
hard_0142,hard,standard,search,0,0,5,0.075
hard_0143,hard,ai,central,1,1,1,0.475
hard_0143,hard,ai,central,1,1,2,0.3
hard_0143,hard,ai,central,1,1,3,0.15
hard_0143,hard,ai,central,1,1,4,0.15
hard_0143,hard,ai,central,1,1,5,0.125
hard_0144,hard,ai,search,1,0,1,0.35
hard_0144,hard,ai,search,1,0,2,0.15
hard_0144,hard,ai,search,1,0,3,0.15
hard_0144,hard,ai,search,1,0,4,0.2
hard_0144,hard,ai,search,1,0,5,0.075
hard_0145,hard,ai,central,1,1,1,0.3
hard_0145,hard,ai,central,1,1,2,0.2
hard_0145,hard,ai,central,1,1,3,0.2
hard_0145,hard,ai,central,1,1,4,0.125
hard_0145,hard,ai,central,1,1,5,0.1
hard_0146,hard,standard,search,0,0,1,0.375
hard_0146,hard,standard,search,0,0,2,0.175
hard_0146,hard,standard,search,0,0,3,0.2
hard_0146,hard,standard,search,0,0,4,0.15
hard_0146,hard,standard,search,0,0,5,0.175
hard_0147,hard,ai,search,1,0,1,0.375
hard_0147,hard,ai,search,1,0,2,0.1
hard_0147,hard,ai,search,1,0,3,0.15
hard_0147,hard,ai,search,1,0,4,0.075
hard_0147,hard,ai,search,1,0,5,0.125
hard_0148,hard,standard,central,0,1,1,0.3
hard_0148,hard,standard,central,0,1,2,0.1
hard_0148,hard,standard,central,0,1,3,0.15
hard_0148,hard,standard,central,0,1,4,0.125
hard_0148,hard,standard,central,0,1,5,0.1
hard_0149,hard,ai,search,1,0,1,0.2
hard_0149,hard,ai,search,1,0,2,0.325
hard_0149,hard,ai,search,1,0,3,0.175
hard_0149,hard,ai,search,1,0,4,0.225
hard_0149,hard,ai,search,1,0,5,0.075
hard_0150,hard,ai,search,1,0,1,0.475
hard_0150,hard,ai,search,1,0,2,0.175
hard_0150,hard,ai,search,1,0,3,0.275
hard_0150,hard,ai,search,1,0,4,0.2
hard_0150,hard,ai,search,1,0,5,0.15
hard_0151,hard,ai,central,1,1,1,0.35
hard_0151,hard,ai,central,1,1,2,0.225
hard_0151,hard,ai,central,1,1,3,0.15
hard_0151,hard,ai,central,1,1,4,0.175
hard_0151,hard,ai,central,1,1,5,0.1
hard_0152,hard,ai,search,1,0,1,0.4
hard_0152,hard,ai,search,1,0,2,0.35
hard_0152,hard,ai,search,1,0,3,0.25
hard_0152,hard,ai,search,1,0,4,0.25
hard_0152,hard,ai,search,1,0,5,0.175
hard_0153,hard,standard,central,0,1,1,0.275
hard_0153,hard,standard,central,0,1,2,0.05
hard_0153,hard,standard,central,0,1,3,0.175
hard_0153,hard,standard,central,0,1,4,0.15
hard_0153,hard,standard,central,0,1,5,0.15
hard_0154,hard,ai,search,1,0,1,0.25
hard_0154,hard,ai,search,1,0,2,0.275
hard_0154,hard,ai,search,1,0,3,0.125
hard_0154,hard,ai,search,1,0,4,0.05
hard_0154,hard,ai,search,1,0,5,0.1
hard_0155,hard,standard,central,0,1,1,0.3
hard_0155,hard,standard,central,0,1,2,0.25
hard_0155,hard,standard,central,0,1,3,0.125
hard_0155,hard,standard,central,0,1,4,0.15
hard_0155,hard,standard,central,0,1,5,0.125
hard_0156,hard,standard,central,0,1,1,0.3
hard_0156,hard,standard,central,0,1,2,0.25
hard_0156,hard,standard,central,0,1,3,0.15
hard_0156,hard,standard,central,0,1,4,0.175
hard_0156,hard,standard,central,0,1,5,0.075
hard_0157,hard,ai,search,1,0,1,0.375
hard_0157,hard,ai,search,1,0,2,0.2
hard_0157,hard,ai,search,1,0,3,0.225
hard_0157,hard,ai,search,1,0,4,0.225
hard_0157,hard,ai,search,1,0,5,0.15
hard_0158,hard,ai,central,1,1,1,0.4
hard_0158,hard,ai,central,1,1,2,0.275
hard_0158,hard,ai,central,1,1,3,0.275
hard_0158,hard,ai,central,1,1,4,0.1
hard_0158,hard,ai,central,1,1,5,0.15
hard_0159,hard,ai,search,1,0,1,0.3
hard_0159,hard,ai,search,1,0,2,0.15
hard_0159,hard,ai,search,1,0,3,0.125
hard_0159,hard,ai,search,1,0,4,0.15
hard_0159,hard,ai,search,1,0,5,0.125
hard_0160,hard,ai,search,1,0,1,0.3
hard_0160,hard,ai,search,1,0,2,0.3
hard_0160,hard,ai,search,1,0,3,0.175
hard_0160,hard,ai,search,1,0,4,0.15
hard_0160,hard,ai,search,1,0,5,0.125
hard_0161,hard,ai,central,1,1,1,0.375
hard_0161,hard,ai,central,1,1,2,0.275
hard_0161,hard,ai,central,1,1,3,0.15
hard_0161,hard,ai,central,1,1,4,0.175
hard_0161,hard,ai,central,1,1,5,0.175
hard_0162,hard,ai,central,1,1,1,0.325
hard_0162,hard,ai,central,1,1,2,0.275
hard_0162,hard,ai,central,1,1,3,0.175
hard_0162,hard,ai,central,1,1,4,0.175
hard_0162,hard,ai,central,1,1,5,0.225
hard_0163,hard,standard,search,0,0,1,0.25
hard_0163,hard,standard,search,0,0,2,0.125
hard_0163,hard,standard,search,0,0,3,0.2
hard_0163,hard,standard,search,0,0,4,0.175
hard_0163,hard,standard,search,0,0,5,0.05
hard_0164,hard,ai,central,1,1,1,0.3
hard_0164,hard,ai,central,1,1,2,0.2
hard_0164,hard,ai,central,1,1,3,0.25
hard_0164,hard,ai,central,1,1,4,0.15
hard_0164,hard,ai,central,1,1,5,0.2
hard_0165,hard,ai,search,1,0,1,0.275
hard_0165,hard,ai,search,1,0,2,0.25
hard_0165,hard,ai,search,1,0,3,0.15
hard_0165,hard,ai,search,1,0,4,0.1
hard_0165,hard,ai,search,1,0,5,0.075
hard_0166,hard,standard,central,0,1,1,0.25
hard_0166,hard,standard,central,0,1,2,0.25
hard_0166,hard,standard,central,0,1,3,0.2
hard_0166,hard,standard,central,0,1,4,0.1
hard_0166,hard,standard,central,0,1,5,0.075
hard_0167,hard,ai,central,1,1,1,0.5
hard_0167,hard,ai,central,1,1,2,0.325
hard_0167,hard,ai,central,1,1,3,0.275
hard_0167,hard,ai,central,1,1,4,0.25
hard_0167,hard,ai,central,1,1,5,0.075
hard_0168,hard,standard,search,0,0,1,0.425
hard_0168,hard,standard,search,0,0,2,0.2
hard_0168,hard,standard,search,0,0,3,0.15
hard_0168,hard,standard,search,0,0,4,0.1
hard_0168,hard,standard,search,0,0,5,0.05
hard_0169,hard,ai,search,1,0,1,0.45
hard_0169,hard,ai,search,1,0,2,0.275
hard_0169,hard,ai,search,1,0,3,0.075
hard_0169,hard,ai,search,1,0,4,0.125
hard_0169,hard,ai,search,1,0,5,0.175
hard_0170,hard,standard,search,0,0,1,0.3
hard_0170,hard,standard,search,0,0,2,0.3
hard_0170,hard,standard,search,0,0,3,0.175
hard_0170,hard,standard,search,0,0,4,0.175
hard_0170,hard,standard,search,0,0,5,0.125
hard_0171,hard,standard,search,0,0,1,0.325
hard_0171,hard,standard,search,0,0,2,0.3
hard_0171,hard,standard,search,0,0,3,0.175
hard_0171,hard,standard,search,0,0,4,0.1
hard_0171,hard,standard,search,0,0,5,0.175
hard_0172,hard,ai,search,1,0,1,0.275
hard_0172,hard,ai,search,1,0,2,0.225
hard_0172,hard,ai,search,1,0,3,0.175
hard_0172,hard,ai,search,1,0,4,0.2
hard_0172,hard,ai,search,1,0,5,0.125
hard_0173,hard,standard,central,0,1,1,0.3
hard_0173,hard,standard,central,0,1,2,0.275
hard_0173,hard,standard,central,0,1,3,0.125
hard_0173,hard,standard,central,0,1,4,0.075
hard_0173,hard,standard,central,0,1,5,0.05
hard_0174,hard,standard,central,0,1,1,0.2
hard_0174,hard,standard,central,0,1,2,0.25
hard_0174,hard,standard,central,0,1,3,0.125
hard_0174,hard,standard,central,0,1,4,0.175
hard_0174,hard,standard,central,0,1,5,0.075
hard_0175,hard,standard,central,0,1,1,0.375
hard_0175,hard,standard,central,0,1,2,0.225
hard_0175,hard,standard,central,0,1,3,0.15
hard_0175,hard,standard,central,0,1,4,0.15
hard_0175,hard,standard,central,0,1,5,0.0
hard_0176,hard,ai,central,1,1,1,0.275
hard_0176,hard,ai,central,1,1,2,0.25
hard_0176,hard,ai,central,1,1,3,0.1
hard_0176,hard,ai,central,1,1,4,0.125
hard_0176,hard,ai,central,1,1,5,0.175
hard_0177,hard,ai,search,1,0,1,0.275
hard_0177,hard,ai,search,1,0,2,0.3
hard_0177,hard,ai,search,1,0,3,0.225
hard_0177,hard,ai,search,1,0,4,0.275
hard_0177,hard,ai,search,1,0,5,0.175
hard_0178,hard,ai,central,1,1,1,0.4
hard_0178,hard,ai,central,1,1,2,0.3
hard_0178,hard,ai,central,1,1,3,0.25
hard_0178,hard,ai,central,1,1,4,0.175
hard_0178,hard,ai,central,1,1,5,0.05
hard_0179,hard,standard,search,0,0,1,0.25
hard_0179,hard,standard,search,0,0,2,0.25
hard_0179,hard,standard,search,0,0,3,0.225
hard_0179,hard,standard,search,0,0,4,0.15
hard_0179,hard,standard,search,0,0,5,0.2
hard_0180,hard,standard,central,0,1,1,0.3
hard_0180,hard,standard,central,0,1,2,0.25
hard_0180,hard,standard,central,0,1,3,0.075
hard_0180,hard,standard,central,0,1,4,0.125
hard_0180,hard,standard,central,0,1,5,0.075
hard_0181,hard,ai,search,1,0,1,0.3
hard_0181,hard,ai,search,1,0,2,0.375
hard_0181,hard,ai,search,1,0,3,0.225
hard_0181,hard,ai,search,1,0,4,0.175
hard_0181,hard,ai,search,1,0,5,0.1
hard_0182,hard,ai,central,1,1,1,0.35
hard_0182,hard,ai,central,1,1,2,0.1
hard_0182,hard,ai,central,1,1,3,0.275
hard_0182,hard,ai,central,1,1,4,0.1
hard_0182,hard,ai,central,1,1,5,0.1
hard_0183,hard,ai,search,1,0,1,0.275
hard_0183,hard,ai,search,1,0,2,0.325
hard_0183,hard,ai,search,1,0,3,0.125
hard_0183,hard,ai,search,1,0,4,0.2
hard_0183,hard,ai,search,1,0,5,0.15
hard_0184,hard,standard,search,0,0,1,0.3
hard_0184,hard,standard,search,0,0,2,0.125
hard_0184,hard,standard,search,0,0,3,0.25
hard_0184,hard,standard,search,0,0,4,0.075
hard_0184,hard,standard,search,0,0,5,0.125
hard_0185,hard,standard,central,0,1,1,0.325
hard_0185,hard,standard,central,0,1,2,0.125
hard_0185,hard,standard,central,0,1,3,0.1
hard_0185,hard,standard,central,0,1,4,0.125
hard_0185,hard,standard,central,0,1,5,0.075
hard_0186,hard,ai,central,1,1,1,0.4
hard_0186,hard,ai,central,1,1,2,0.325
hard_0186,hard,ai,central,1,1,3,0.1
hard_0186,hard,ai,central,1,1,4,0.2
hard_0186,hard,ai,central,1,1,5,0.15
hard_0187,hard,ai,central,1,1,1,0.375
hard_0187,hard,ai,central,1,1,2,0.275
hard_0187,hard,ai,central,1,1,3,0.1
hard_0187,hard,ai,central,1,1,4,0.25
hard_0187,hard,ai,central,1,1,5,0.175
hard_0188,hard,standard,central,0,1,1,0.45
hard_0188,hard,standard,central,0,1,2,0.275
hard_0188,hard,standard,central,0,1,3,0.2
hard_0188,hard,standard,central,0,1,4,0.1
hard_0188,hard,standard,central,0,1,5,0.175
hard_0189,hard,standard,central,0,1,1,0.225
hard_0189,hard,standard,central,0,1,2,0.125
hard_0189,hard,standard,central,0,1,3,0.125
hard_0189,hard,standard,central,0,1,4,0.15
hard_0189,hard,standard,central,0,1,5,0.075
hard_0190,hard,ai,central,1,1,1,0.3
hard_0190,hard,ai,central,1,1,2,0.45
hard_0190,hard,ai,central,1,1,3,0.2
hard_0190,hard,ai,central,1,1,4,0.225
hard_0190,hard,ai,central,1,1,5,0.25
hard_0191,hard,standard,search,0,0,1,0.375
hard_0191,hard,standard,search,0,0,2,0.15
hard_0191,hard,standard,search,0,0,3,0.175
hard_0191,hard,standard,search,0,0,4,0.15
hard_0191,hard,standard,search,0,0,5,0.225
hard_0192,hard,standard,central,0,1,1,0.275
hard_0192,hard,standard,central,0,1,2,0.275
hard_0192,hard,standard,central,0,1,3,0.0
hard_0192,hard,standard,central,0,1,4,0.1
hard_0192,hard,standard,central,0,1,5,0.075
hard_0193,hard,ai,search,1,0,1,0.3
hard_0193,hard,ai,search,1,0,2,0.275
hard_0193,hard,ai,search,1,0,3,0.2
hard_0193,hard,ai,search,1,0,4,0.075
hard_0193,hard,ai,search,1,0,5,0.15
hard_0194,hard,standard,search,0,0,1,0.325
hard_0194,hard,standard,search,0,0,2,0.325
hard_0194,hard,standard,search,0,0,3,0.275
hard_0194,hard,standard,search,0,0,4,0.225
hard_0194,hard,standard,search,0,0,5,0.075
hard_0195,hard,ai,central,1,1,1,0.475
hard_0195,hard,ai,central,1,1,2,0.225
hard_0195,hard,ai,central,1,1,3,0.2
hard_0195,hard,ai,central,1,1,4,0.225
hard_0195,hard,ai,central,1,1,5,0.2
hard_0196,hard,ai,search,1,0,1,0.275
hard_0196,hard,ai,search,1,0,2,0.225
hard_0196,hard,ai,search,1,0,3,0.175
hard_0196,hard,ai,search,1,0,4,0.2
hard_0196,hard,ai,search,1,0,5,0.225
hard_0197,hard,ai,search,1,0,1,0.325
hard_0197,hard,ai,search,1,0,2,0.3
hard_0197,hard,ai,search,1,0,3,0.275
hard_0197,hard,ai,search,1,0,4,0.15
hard_0197,hard,ai,search,1,0,5,0.125
hard_0198,hard,standard,search,0,0,1,0.3
hard_0198,hard,standard,search,0,0,2,0.15
hard_0198,hard,standard,search,0,0,3,0.15
hard_0198,hard,standard,search,0,0,4,0.15
hard_0198,hard,standard,search,0,0,5,0.15
hard_0199,hard,ai,central,1,1,1,0.4
hard_0199,hard,ai,central,1,1,2,0.175
hard_0199,hard,ai,central,1,1,3,0.125
hard_0199,hard,ai,central,1,1,4,0.3
hard_0199,hard,ai,central,1,1,5,0.15
